<?xml version="1.0" encoding="UTF-8"?>
<gpx version="1.1" creator="M-pacer" xmlns="http://www.topografix.com/GPX/1/1" xmlns:xsi="http://www.w3.org/2001/XMLSchema-instance" xsi:schemaLocation="http://www.topografix.com/GPX/1/1 http://www.topografix.com/GPX/1/1/gpx.xsd">
  <metadata>
    <name>1700000000000</name>
    <time>2023-11-14T22:13:20.000Z</time>
  </metadata>
  <trk>
    <name>1700000000000</name>
    <type>running</type>
    <trkseg>
      <trkpt lat="45.0000777" lon="3.0000000">
        <time>2077-09-27T20:26:44.000Z</time>
      </trkpt>
      <trkpt lat="45.0001055" lon="3.0000000">
        <time>2077-09-27T20:26:45.000Z</time>
      </trkpt>
      <trkpt lat="45.0001332" lon="3.0000000">
        <time>2077-09-27T20:26:46.000Z</time>
      </trkpt>
      <trkpt lat="45.0001569" lon="3.0000000">
        <time>2077-09-27T20:26:47.000Z</time>
      </trkpt>
      <trkpt lat="45.0001810" lon="3.0000000">
        <time>2077-09-27T20:26:48.000Z</time>
      </trkpt>
      <trkpt lat="45.0002085" lon="3.0000000">
        <time>2077-09-27T20:26:49.000Z</time>
      </trkpt>
      <trkpt lat="45.0002322" lon="3.0000000">
        <time>2077-09-27T20:26:50.000Z</time>
      </trkpt>
      <trkpt lat="45.0002567" lon="3.0000000">
        <time>2077-09-27T20:26:51.000Z</time>
      </trkpt>
      <trkpt lat="45.0002831" lon="3.0000000">
        <time>2077-09-27T20:26:52.000Z</time>
      </trkpt>
      <trkpt lat="45.0003070" lon="3.0000000">
        <time>2077-09-27T20:26:53.000Z</time>
      </trkpt>
      <trkpt lat="45.0003323" lon="3.0000000">
        <time>2077-09-27T20:26:54.000Z</time>
      </trkpt>
      <trkpt lat="45.0003575" lon="3.0000000">
        <time>2077-09-27T20:26:55.000Z</time>
      </trkpt>
      <trkpt lat="45.0003810" lon="3.0000000">
        <time>2077-09-27T20:26:56.000Z</time>
      </trkpt>
      <trkpt lat="45.0004056" lon="3.0000000">
        <time>2077-09-27T20:26:57.000Z</time>
      </trkpt>
      <trkpt lat="45.0004328" lon="3.0000000">
        <time>2077-09-27T20:26:58.000Z</time>
      </trkpt>
      <trkpt lat="45.0004583" lon="3.0000000">
        <time>2077-09-27T20:26:59.000Z</time>
      </trkpt>
      <trkpt lat="45.0004818" lon="3.0000000">
        <time>2077-09-27T20:27:00.000Z</time>
      </trkpt>
      <trkpt lat="45.0005074" lon="3.0000000">
        <time>2077-09-27T20:27:01.000Z</time>
      </trkpt>
      <trkpt lat="45.0005307" lon="3.0000000">
        <time>2077-09-27T20:27:02.000Z</time>
      </trkpt>
      <trkpt lat="45.0005579" lon="3.0000000">
        <time>2077-09-27T20:27:03.000Z</time>
      </trkpt>
      <trkpt lat="45.0005822" lon="3.0000000">
        <time>2077-09-27T20:27:04.000Z</time>
      </trkpt>
      <trkpt lat="45.0006074" lon="3.0000000">
        <time>2077-09-27T20:27:05.000Z</time>
      </trkpt>
      <trkpt lat="45.0006343" lon="3.0000000">
        <time>2077-09-27T20:27:06.000Z</time>
      </trkpt>
      <trkpt lat="45.0006577" lon="3.0000000">
        <time>2077-09-27T20:27:07.000Z</time>
      </trkpt>
      <trkpt lat="45.0006820" lon="3.0000000">
        <time>2077-09-27T20:27:08.000Z</time>
      </trkpt>
      <trkpt lat="45.0007056" lon="3.0000000">
        <time>2077-09-27T20:27:09.000Z</time>
      </trkpt>
      <trkpt lat="45.0007324" lon="3.0000000">
        <time>2077-09-27T20:27:10.000Z</time>
      </trkpt>
      <trkpt lat="45.0007570" lon="3.0000000">
        <time>2077-09-27T20:27:11.000Z</time>
      </trkpt>
      <trkpt lat="45.0007825" lon="3.0000000">
        <time>2077-09-27T20:27:12.000Z</time>
      </trkpt>
      <trkpt lat="45.0008061" lon="3.0000000">
        <time>2077-09-27T20:27:13.000Z</time>
      </trkpt>
      <trkpt lat="45.0008297" lon="3.0000000">
        <time>2077-09-27T20:27:14.000Z</time>
      </trkpt>
      <trkpt lat="45.0008551" lon="3.0000000">
        <time>2077-09-27T20:27:15.000Z</time>
      </trkpt>
      <trkpt lat="45.0008785" lon="3.0000000">
        <time>2077-09-27T20:27:16.000Z</time>
      </trkpt>
      <trkpt lat="45.0009063" lon="3.0000000">
        <time>2077-09-27T20:27:17.000Z</time>
      </trkpt>
      <trkpt lat="45.0009317" lon="3.0000000">
        <time>2077-09-27T20:27:18.000Z</time>
      </trkpt>
      <trkpt lat="45.0009552" lon="3.0000000">
        <time>2077-09-27T20:27:19.000Z</time>
      </trkpt>
      <trkpt lat="45.0009807" lon="3.0000000">
        <time>2077-09-27T20:27:20.000Z</time>
      </trkpt>
      <trkpt lat="45.0010077" lon="3.0000000">
        <time>2077-09-27T20:27:21.000Z</time>
      </trkpt>
      <trkpt lat="45.0010348" lon="3.0000000">
        <time>2077-09-27T20:27:22.000Z</time>
      </trkpt>
      <trkpt lat="45.0010590" lon="3.0000000">
        <time>2077-09-27T20:27:23.000Z</time>
      </trkpt>
      <trkpt lat="45.0010851" lon="3.0000000">
        <time>2077-09-27T20:27:24.000Z</time>
      </trkpt>
      <trkpt lat="45.0011107" lon="3.0000000">
        <time>2077-09-27T20:27:25.000Z</time>
      </trkpt>
      <trkpt lat="45.0011350" lon="2.9999999">
        <time>2077-09-27T20:27:26.000Z</time>
      </trkpt>
      <trkpt lat="45.0011622" lon="2.9999999">
        <time>2077-09-27T20:27:27.000Z</time>
      </trkpt>
      <trkpt lat="45.0011892" lon="3.0000000">
        <time>2077-09-27T20:27:28.000Z</time>
      </trkpt>
      <trkpt lat="45.0012134" lon="3.0000000">
        <time>2077-09-27T20:27:29.000Z</time>
      </trkpt>
      <trkpt lat="45.0012402" lon="3.0000000">
        <time>2077-09-27T20:27:30.000Z</time>
      </trkpt>
      <trkpt lat="45.0012653" lon="3.0000000">
        <time>2077-09-27T20:27:31.000Z</time>
      </trkpt>
      <trkpt lat="45.0012922" lon="3.0000000">
        <time>2077-09-27T20:27:32.000Z</time>
      </trkpt>
      <trkpt lat="45.0013158" lon="3.0000000">
        <time>2077-09-27T20:27:33.000Z</time>
      </trkpt>
      <trkpt lat="45.0013406" lon="3.0000000">
        <time>2077-09-27T20:27:34.000Z</time>
      </trkpt>
      <trkpt lat="45.0013650" lon="3.0000000">
        <time>2077-09-27T20:27:35.000Z</time>
      </trkpt>
      <trkpt lat="45.0013891" lon="3.0000000">
        <time>2077-09-27T20:27:36.000Z</time>
      </trkpt>
      <trkpt lat="45.0014151" lon="3.0000000">
        <time>2077-09-27T20:27:37.000Z</time>
      </trkpt>
      <trkpt lat="45.0014403" lon="3.0000000">
        <time>2077-09-27T20:27:38.000Z</time>
      </trkpt>
      <trkpt lat="45.0014651" lon="3.0000000">
        <time>2077-09-27T20:27:39.000Z</time>
      </trkpt>
      <trkpt lat="45.0014904" lon="3.0000000">
        <time>2077-09-27T20:27:40.000Z</time>
      </trkpt>
      <trkpt lat="45.0015169" lon="3.0000000">
        <time>2077-09-27T20:27:41.000Z</time>
      </trkpt>
      <trkpt lat="45.0015419" lon="3.0000000">
        <time>2077-09-27T20:27:42.000Z</time>
      </trkpt>
      <trkpt lat="45.0015683" lon="3.0000000">
        <time>2077-09-27T20:27:43.000Z</time>
      </trkpt>
      <trkpt lat="45.0015936" lon="3.0000000">
        <time>2077-09-27T20:27:44.000Z</time>
      </trkpt>
      <trkpt lat="45.0016199" lon="3.0000000">
        <time>2077-09-27T20:27:45.000Z</time>
      </trkpt>
      <trkpt lat="45.0016437" lon="3.0000000">
        <time>2077-09-27T20:27:46.000Z</time>
      </trkpt>
      <trkpt lat="45.0016674" lon="3.0000000">
        <time>2077-09-27T20:27:47.000Z</time>
      </trkpt>
      <trkpt lat="45.0016939" lon="3.0000000">
        <time>2077-09-27T20:27:48.000Z</time>
      </trkpt>
      <trkpt lat="45.0017177" lon="3.0000000">
        <time>2077-09-27T20:27:49.000Z</time>
      </trkpt>
      <trkpt lat="45.0017430" lon="3.0000000">
        <time>2077-09-27T20:27:50.000Z</time>
      </trkpt>
      <trkpt lat="45.0017690" lon="3.0000000">
        <time>2077-09-27T20:27:51.000Z</time>
      </trkpt>
      <trkpt lat="45.0017929" lon="3.0000000">
        <time>2077-09-27T20:27:52.000Z</time>
      </trkpt>
      <trkpt lat="45.0018205" lon="3.0000000">
        <time>2077-09-27T20:27:53.000Z</time>
      </trkpt>
      <trkpt lat="45.0018480" lon="3.0000000">
        <time>2077-09-27T20:27:54.000Z</time>
      </trkpt>
      <trkpt lat="45.0018715" lon="3.0000000">
        <time>2077-09-27T20:27:55.000Z</time>
      </trkpt>
      <trkpt lat="45.0018991" lon="3.0000000">
        <time>2077-09-27T20:27:56.000Z</time>
      </trkpt>
      <trkpt lat="45.0019240" lon="3.0000000">
        <time>2077-09-27T20:27:57.000Z</time>
      </trkpt>
      <trkpt lat="45.0019481" lon="3.0000000">
        <time>2077-09-27T20:27:58.000Z</time>
      </trkpt>
      <trkpt lat="45.0019739" lon="3.0000000">
        <time>2077-09-27T20:27:59.000Z</time>
      </trkpt>
      <trkpt lat="45.0019999" lon="3.0000000">
        <time>2077-09-27T20:28:00.000Z</time>
      </trkpt>
      <trkpt lat="45.0020238" lon="3.0000000">
        <time>2077-09-27T20:28:01.000Z</time>
      </trkpt>
      <trkpt lat="45.0020482" lon="3.0000000">
        <time>2077-09-27T20:28:02.000Z</time>
      </trkpt>
      <trkpt lat="45.0020754" lon="3.0000000">
        <time>2077-09-27T20:28:03.000Z</time>
      </trkpt>
      <trkpt lat="45.0021014" lon="3.0000000">
        <time>2077-09-27T20:28:04.000Z</time>
      </trkpt>
      <trkpt lat="45.0021278" lon="3.0000000">
        <time>2077-09-27T20:28:05.000Z</time>
      </trkpt>
      <trkpt lat="45.0021547" lon="3.0000000">
        <time>2077-09-27T20:28:06.000Z</time>
      </trkpt>
      <trkpt lat="45.0021801" lon="3.0000000">
        <time>2077-09-27T20:28:07.000Z</time>
      </trkpt>
      <trkpt lat="45.0022073" lon="3.0000000">
        <time>2077-09-27T20:28:08.000Z</time>
      </trkpt>
      <trkpt lat="45.0022323" lon="3.0000000">
        <time>2077-09-27T20:28:09.000Z</time>
      </trkpt>
      <trkpt lat="45.0022594" lon="3.0000000">
        <time>2077-09-27T20:28:10.000Z</time>
      </trkpt>
      <trkpt lat="45.0022836" lon="3.0000000">
        <time>2077-09-27T20:28:11.000Z</time>
      </trkpt>
      <trkpt lat="45.0023102" lon="3.0000000">
        <time>2077-09-27T20:28:12.000Z</time>
      </trkpt>
      <trkpt lat="45.0023353" lon="3.0000000">
        <time>2077-09-27T20:28:13.000Z</time>
      </trkpt>
      <trkpt lat="45.0023595" lon="3.0000000">
        <time>2077-09-27T20:28:14.000Z</time>
      </trkpt>
      <trkpt lat="45.0023848" lon="3.0000000">
        <time>2077-09-27T20:28:15.000Z</time>
      </trkpt>
      <trkpt lat="45.0024103" lon="3.0000000">
        <time>2077-09-27T20:28:16.000Z</time>
      </trkpt>
      <trkpt lat="45.0024338" lon="3.0000000">
        <time>2077-09-27T20:28:17.000Z</time>
      </trkpt>
      <trkpt lat="45.0024607" lon="3.0000000">
        <time>2077-09-27T20:28:18.000Z</time>
      </trkpt>
      <trkpt lat="45.0024876" lon="3.0000000">
        <time>2077-09-27T20:28:19.000Z</time>
      </trkpt>
      <trkpt lat="45.0025130" lon="3.0000000">
        <time>2077-09-27T20:28:20.000Z</time>
      </trkpt>
      <trkpt lat="45.0025365" lon="3.0000000">
        <time>2077-09-27T20:28:21.000Z</time>
      </trkpt>
      <trkpt lat="45.0025634" lon="3.0000000">
        <time>2077-09-27T20:28:22.000Z</time>
      </trkpt>
      <trkpt lat="45.0025900" lon="3.0000000">
        <time>2077-09-27T20:28:23.000Z</time>
      </trkpt>
      <trkpt lat="45.0026176" lon="3.0000000">
        <time>2077-09-27T20:28:24.000Z</time>
      </trkpt>
      <trkpt lat="45.0026410" lon="3.0000000">
        <time>2077-09-27T20:28:25.000Z</time>
      </trkpt>
      <trkpt lat="45.0026646" lon="3.0000000">
        <time>2077-09-27T20:28:26.000Z</time>
      </trkpt>
      <trkpt lat="45.0026924" lon="3.0000000">
        <time>2077-09-27T20:28:27.000Z</time>
      </trkpt>
      <trkpt lat="45.0027163" lon="3.0000000">
        <time>2077-09-27T20:28:28.000Z</time>
      </trkpt>
      <trkpt lat="45.0027426" lon="3.0000000">
        <time>2077-09-27T20:28:29.000Z</time>
      </trkpt>
      <trkpt lat="45.0027680" lon="3.0000000">
        <time>2077-09-27T20:28:30.000Z</time>
      </trkpt>
      <trkpt lat="45.0027945" lon="3.0000000">
        <time>2077-09-27T20:28:31.000Z</time>
      </trkpt>
      <trkpt lat="45.0028191" lon="3.0000000">
        <time>2077-09-27T20:28:32.000Z</time>
      </trkpt>
      <trkpt lat="45.0028465" lon="3.0000000">
        <time>2077-09-27T20:28:33.000Z</time>
      </trkpt>
      <trkpt lat="45.0028732" lon="3.0000000">
        <time>2077-09-27T20:28:34.000Z</time>
      </trkpt>
      <trkpt lat="45.0028978" lon="3.0000000">
        <time>2077-09-27T20:28:35.000Z</time>
      </trkpt>
      <trkpt lat="45.0029233" lon="3.0000000">
        <time>2077-09-27T20:28:36.000Z</time>
      </trkpt>
      <trkpt lat="45.0029507" lon="3.0000000">
        <time>2077-09-27T20:28:37.000Z</time>
      </trkpt>
      <trkpt lat="45.0029773" lon="3.0000000">
        <time>2077-09-27T20:28:38.000Z</time>
      </trkpt>
      <trkpt lat="45.0030048" lon="3.0000000">
        <time>2077-09-27T20:28:39.000Z</time>
      </trkpt>
      <trkpt lat="45.0030302" lon="3.0000000">
        <time>2077-09-27T20:28:40.000Z</time>
      </trkpt>
      <trkpt lat="45.0030548" lon="3.0000000">
        <time>2077-09-27T20:28:41.000Z</time>
      </trkpt>
      <trkpt lat="45.0030821" lon="3.0000000">
        <time>2077-09-27T20:28:42.000Z</time>
      </trkpt>
      <trkpt lat="45.0031098" lon="3.0000000">
        <time>2077-09-27T20:28:43.000Z</time>
      </trkpt>
      <trkpt lat="45.0031343" lon="3.0000000">
        <time>2077-09-27T20:28:44.000Z</time>
      </trkpt>
      <trkpt lat="45.0031607" lon="3.0000000">
        <time>2077-09-27T20:28:45.000Z</time>
      </trkpt>
      <trkpt lat="45.0031854" lon="3.0000000">
        <time>2077-09-27T20:28:46.000Z</time>
      </trkpt>
      <trkpt lat="45.0032099" lon="3.0000000">
        <time>2077-09-27T20:28:47.000Z</time>
      </trkpt>
      <trkpt lat="45.0032345" lon="3.0000000">
        <time>2077-09-27T20:28:48.000Z</time>
      </trkpt>
      <trkpt lat="45.0032612" lon="3.0000000">
        <time>2077-09-27T20:28:49.000Z</time>
      </trkpt>
      <trkpt lat="45.0032861" lon="3.0000000">
        <time>2077-09-27T20:28:50.000Z</time>
      </trkpt>
      <trkpt lat="45.0033113" lon="3.0000000">
        <time>2077-09-27T20:28:51.000Z</time>
      </trkpt>
      <trkpt lat="45.0033378" lon="3.0000000">
        <time>2077-09-27T20:28:52.000Z</time>
      </trkpt>
      <trkpt lat="45.0033642" lon="3.0000000">
        <time>2077-09-27T20:28:53.000Z</time>
      </trkpt>
      <trkpt lat="45.0033915" lon="3.0000000">
        <time>2077-09-27T20:28:54.000Z</time>
      </trkpt>
      <trkpt lat="45.0034168" lon="3.0000000">
        <time>2077-09-27T20:28:55.000Z</time>
      </trkpt>
      <trkpt lat="45.0034423" lon="3.0000000">
        <time>2077-09-27T20:28:56.000Z</time>
      </trkpt>
      <trkpt lat="45.0034670" lon="3.0000000">
        <time>2077-09-27T20:28:57.000Z</time>
      </trkpt>
      <trkpt lat="45.0034942" lon="3.0000000">
        <time>2077-09-27T20:28:58.000Z</time>
      </trkpt>
      <trkpt lat="45.0035200" lon="3.0000000">
        <time>2077-09-27T20:28:59.000Z</time>
      </trkpt>
      <trkpt lat="45.0035469" lon="3.0000000">
        <time>2077-09-27T20:29:00.000Z</time>
      </trkpt>
      <trkpt lat="45.0035711" lon="3.0000000">
        <time>2077-09-27T20:29:01.000Z</time>
      </trkpt>
      <trkpt lat="45.0035985" lon="3.0000000">
        <time>2077-09-27T20:29:02.000Z</time>
      </trkpt>
      <trkpt lat="45.0036258" lon="3.0000000">
        <time>2077-09-27T20:29:03.000Z</time>
      </trkpt>
      <trkpt lat="45.0036507" lon="3.0000000">
        <time>2077-09-27T20:29:04.000Z</time>
      </trkpt>
      <trkpt lat="45.0036778" lon="3.0000000">
        <time>2077-09-27T20:29:05.000Z</time>
      </trkpt>
      <trkpt lat="45.0037032" lon="3.0000000">
        <time>2077-09-27T20:29:06.000Z</time>
      </trkpt>
      <trkpt lat="45.0037309" lon="3.0000000">
        <time>2077-09-27T20:29:07.000Z</time>
      </trkpt>
      <trkpt lat="45.0037554" lon="3.0000001">
        <time>2077-09-27T20:29:08.000Z</time>
      </trkpt>
      <trkpt lat="45.0037813" lon="3.0000001">
        <time>2077-09-27T20:29:09.000Z</time>
      </trkpt>
      <trkpt lat="45.0038091" lon="3.0000001">
        <time>2077-09-27T20:29:10.000Z</time>
      </trkpt>
      <trkpt lat="45.0038353" lon="3.0000001">
        <time>2077-09-27T20:29:11.000Z</time>
      </trkpt>
      <trkpt lat="45.0038632" lon="3.0000001">
        <time>2077-09-27T20:29:12.000Z</time>
      </trkpt>
      <trkpt lat="45.0038884" lon="3.0000001">
        <time>2077-09-27T20:29:13.000Z</time>
      </trkpt>
      <trkpt lat="45.0039144" lon="3.0000001">
        <time>2077-09-27T20:29:14.000Z</time>
      </trkpt>
      <trkpt lat="45.0039394" lon="3.0000001">
        <time>2077-09-27T20:29:15.000Z</time>
      </trkpt>
      <trkpt lat="45.0039671" lon="3.0000001">
        <time>2077-09-27T20:29:16.000Z</time>
      </trkpt>
      <trkpt lat="45.0039931" lon="3.0000001">
        <time>2077-09-27T20:29:17.000Z</time>
      </trkpt>
      <trkpt lat="45.0040174" lon="3.0000001">
        <time>2077-09-27T20:29:18.000Z</time>
      </trkpt>
      <trkpt lat="45.0040429" lon="3.0000001">
        <time>2077-09-27T20:29:19.000Z</time>
      </trkpt>
      <trkpt lat="45.0040703" lon="3.0000001">
        <time>2077-09-27T20:29:20.000Z</time>
      </trkpt>
      <trkpt lat="45.0040957" lon="3.0000001">
        <time>2077-09-27T20:29:21.000Z</time>
      </trkpt>
      <trkpt lat="45.0041220" lon="3.0000001">
        <time>2077-09-27T20:29:22.000Z</time>
      </trkpt>
      <trkpt lat="45.0041469" lon="3.0000001">
        <time>2077-09-27T20:29:23.000Z</time>
      </trkpt>
      <trkpt lat="45.0041742" lon="3.0000001">
        <time>2077-09-27T20:29:24.000Z</time>
      </trkpt>
      <trkpt lat="45.0041988" lon="3.0000001">
        <time>2077-09-27T20:29:25.000Z</time>
      </trkpt>
      <trkpt lat="45.0042244" lon="3.0000001">
        <time>2077-09-27T20:29:26.000Z</time>
      </trkpt>
      <trkpt lat="45.0042518" lon="3.0000001">
        <time>2077-09-27T20:29:27.000Z</time>
      </trkpt>
      <trkpt lat="45.0042774" lon="3.0000001">
        <time>2077-09-27T20:29:28.000Z</time>
      </trkpt>
      <trkpt lat="45.0043021" lon="3.0000000">
        <time>2077-09-27T20:29:29.000Z</time>
      </trkpt>
      <trkpt lat="45.0043266" lon="3.0000000">
        <time>2077-09-27T20:29:30.000Z</time>
      </trkpt>
      <trkpt lat="45.0043501" lon="3.0000001">
        <time>2077-09-27T20:29:31.000Z</time>
      </trkpt>
      <trkpt lat="45.0043744" lon="3.0000000">
        <time>2077-09-27T20:29:32.000Z</time>
      </trkpt>
      <trkpt lat="45.0044021" lon="3.0000000">
        <time>2077-09-27T20:29:33.000Z</time>
      </trkpt>
      <trkpt lat="45.0044284" lon="3.0000000">
        <time>2077-09-27T20:29:34.000Z</time>
      </trkpt>
      <trkpt lat="45.0044529" lon="3.0000000">
        <time>2077-09-27T20:29:35.000Z</time>
      </trkpt>
      <trkpt lat="45.0044782" lon="3.0000001">
        <time>2077-09-27T20:29:36.000Z</time>
      </trkpt>
      <trkpt lat="45.0045042" lon="3.0000001">
        <time>2077-09-27T20:29:37.000Z</time>
      </trkpt>
      <trkpt lat="45.0045320" lon="3.0000001">
        <time>2077-09-27T20:29:38.000Z</time>
      </trkpt>
      <trkpt lat="45.0045560" lon="3.0000001">
        <time>2077-09-27T20:29:39.000Z</time>
      </trkpt>
      <trkpt lat="45.0045796" lon="3.0000001">
        <time>2077-09-27T20:29:40.000Z</time>
      </trkpt>
      <trkpt lat="45.0046067" lon="3.0000001">
        <time>2077-09-27T20:29:41.000Z</time>
      </trkpt>
      <trkpt lat="45.0046304" lon="3.0000001">
        <time>2077-09-27T20:29:42.000Z</time>
      </trkpt>
      <trkpt lat="45.0046572" lon="3.0000001">
        <time>2077-09-27T20:29:43.000Z</time>
      </trkpt>
      <trkpt lat="45.0046841" lon="3.0000001">
        <time>2077-09-27T20:29:44.000Z</time>
      </trkpt>
      <trkpt lat="45.0047118" lon="3.0000001">
        <time>2077-09-27T20:29:45.000Z</time>
      </trkpt>
      <trkpt lat="45.0047360" lon="3.0000001">
        <time>2077-09-27T20:29:46.000Z</time>
      </trkpt>
      <trkpt lat="45.0047617" lon="3.0000001">
        <time>2077-09-27T20:29:47.000Z</time>
      </trkpt>
      <trkpt lat="45.0047891" lon="3.0000001">
        <time>2077-09-27T20:29:48.000Z</time>
      </trkpt>
      <trkpt lat="45.0048146" lon="3.0000001">
        <time>2077-09-27T20:29:49.000Z</time>
      </trkpt>
      <trkpt lat="45.0048419" lon="3.0000001">
        <time>2077-09-27T20:29:50.000Z</time>
      </trkpt>
      <trkpt lat="45.0048659" lon="3.0000001">
        <time>2077-09-27T20:29:51.000Z</time>
      </trkpt>
      <trkpt lat="45.0048936" lon="3.0000001">
        <time>2077-09-27T20:29:52.000Z</time>
      </trkpt>
      <trkpt lat="45.0049197" lon="3.0000001">
        <time>2077-09-27T20:29:53.000Z</time>
      </trkpt>
      <trkpt lat="45.0049431" lon="3.0000001">
        <time>2077-09-27T20:29:54.000Z</time>
      </trkpt>
      <trkpt lat="45.0049701" lon="3.0000001">
        <time>2077-09-27T20:29:55.000Z</time>
      </trkpt>
      <trkpt lat="45.0049941" lon="3.0000001">
        <time>2077-09-27T20:29:56.000Z</time>
      </trkpt>
      <trkpt lat="45.0050196" lon="3.0000001">
        <time>2077-09-27T20:29:57.000Z</time>
      </trkpt>
      <trkpt lat="45.0050448" lon="3.0000001">
        <time>2077-09-27T20:29:58.000Z</time>
      </trkpt>
      <trkpt lat="45.0050682" lon="3.0000001">
        <time>2077-09-27T20:29:59.000Z</time>
      </trkpt>
      <trkpt lat="45.0050941" lon="3.0000001">
        <time>2077-09-27T20:30:00.000Z</time>
      </trkpt>
      <trkpt lat="45.0051203" lon="3.0000001">
        <time>2077-09-27T20:30:01.000Z</time>
      </trkpt>
      <trkpt lat="45.0051472" lon="3.0000001">
        <time>2077-09-27T20:30:02.000Z</time>
      </trkpt>
      <trkpt lat="45.0051730" lon="3.0000001">
        <time>2077-09-27T20:30:03.000Z</time>
      </trkpt>
      <trkpt lat="45.0052001" lon="3.0000001">
        <time>2077-09-27T20:30:04.000Z</time>
      </trkpt>
      <trkpt lat="45.0052275" lon="3.0000001">
        <time>2077-09-27T20:30:05.000Z</time>
      </trkpt>
      <trkpt lat="45.0052548" lon="3.0000001">
        <time>2077-09-27T20:30:06.000Z</time>
      </trkpt>
      <trkpt lat="45.0052806" lon="3.0000001">
        <time>2077-09-27T20:30:07.000Z</time>
      </trkpt>
      <trkpt lat="45.0053041" lon="3.0000001">
        <time>2077-09-27T20:30:08.000Z</time>
      </trkpt>
      <trkpt lat="45.0053304" lon="3.0000001">
        <time>2077-09-27T20:30:09.000Z</time>
      </trkpt>
      <trkpt lat="45.0053564" lon="3.0000001">
        <time>2077-09-27T20:30:10.000Z</time>
      </trkpt>
      <trkpt lat="45.0053826" lon="3.0000001">
        <time>2077-09-27T20:30:11.000Z</time>
      </trkpt>
      <trkpt lat="45.0054096" lon="3.0000001">
        <time>2077-09-27T20:30:12.000Z</time>
      </trkpt>
      <trkpt lat="45.0054333" lon="3.0000001">
        <time>2077-09-27T20:30:13.000Z</time>
      </trkpt>
      <trkpt lat="45.0054611" lon="3.0000001">
        <time>2077-09-27T20:30:14.000Z</time>
      </trkpt>
      <trkpt lat="45.0054863" lon="3.0000001">
        <time>2077-09-27T20:30:15.000Z</time>
      </trkpt>
      <trkpt lat="45.0055112" lon="3.0000001">
        <time>2077-09-27T20:30:16.000Z</time>
      </trkpt>
      <trkpt lat="45.0055346" lon="3.0000001">
        <time>2077-09-27T20:30:17.000Z</time>
      </trkpt>
      <trkpt lat="45.0055619" lon="3.0000001">
        <time>2077-09-27T20:30:18.000Z</time>
      </trkpt>
      <trkpt lat="45.0055896" lon="3.0000001">
        <time>2077-09-27T20:30:19.000Z</time>
      </trkpt>
      <trkpt lat="45.0056149" lon="3.0000001">
        <time>2077-09-27T20:30:20.000Z</time>
      </trkpt>
      <trkpt lat="45.0056400" lon="3.0000001">
        <time>2077-09-27T20:30:21.000Z</time>
      </trkpt>
      <trkpt lat="45.0056674" lon="3.0000001">
        <time>2077-09-27T20:30:22.000Z</time>
      </trkpt>
      <trkpt lat="45.0056943" lon="3.0000001">
        <time>2077-09-27T20:30:23.000Z</time>
      </trkpt>
      <trkpt lat="45.0057211" lon="3.0000001">
        <time>2077-09-27T20:30:24.000Z</time>
      </trkpt>
      <trkpt lat="45.0057471" lon="3.0000001">
        <time>2077-09-27T20:30:25.000Z</time>
      </trkpt>
      <trkpt lat="45.0057745" lon="3.0000001">
        <time>2077-09-27T20:30:26.000Z</time>
      </trkpt>
      <trkpt lat="45.0058012" lon="3.0000001">
        <time>2077-09-27T20:30:27.000Z</time>
      </trkpt>
      <trkpt lat="45.0058261" lon="3.0000001">
        <time>2077-09-27T20:30:28.000Z</time>
      </trkpt>
      <trkpt lat="45.0058534" lon="3.0000001">
        <time>2077-09-27T20:30:29.000Z</time>
      </trkpt>
      <trkpt lat="45.0058802" lon="3.0000001">
        <time>2077-09-27T20:30:30.000Z</time>
      </trkpt>
      <trkpt lat="45.0059043" lon="3.0000001">
        <time>2077-09-27T20:30:31.000Z</time>
      </trkpt>
      <trkpt lat="45.0059292" lon="3.0000001">
        <time>2077-09-27T20:30:32.000Z</time>
      </trkpt>
      <trkpt lat="45.0059558" lon="3.0000001">
        <time>2077-09-27T20:30:33.000Z</time>
      </trkpt>
      <trkpt lat="45.0059798" lon="3.0000001">
        <time>2077-09-27T20:30:34.000Z</time>
      </trkpt>
      <trkpt lat="45.0060062" lon="3.0000001">
        <time>2077-09-27T20:30:35.000Z</time>
      </trkpt>
      <trkpt lat="45.0060333" lon="3.0000001">
        <time>2077-09-27T20:30:36.000Z</time>
      </trkpt>
      <trkpt lat="45.0060596" lon="3.0000001">
        <time>2077-09-27T20:30:37.000Z</time>
      </trkpt>
      <trkpt lat="45.0060855" lon="3.0000001">
        <time>2077-09-27T20:30:38.000Z</time>
      </trkpt>
      <trkpt lat="45.0061126" lon="3.0000001">
        <time>2077-09-27T20:30:39.000Z</time>
      </trkpt>
      <trkpt lat="45.0061366" lon="3.0000001">
        <time>2077-09-27T20:30:40.000Z</time>
      </trkpt>
      <trkpt lat="45.0061624" lon="3.0000001">
        <time>2077-09-27T20:30:41.000Z</time>
      </trkpt>
      <trkpt lat="45.0061896" lon="3.0000001">
        <time>2077-09-27T20:30:42.000Z</time>
      </trkpt>
      <trkpt lat="45.0062160" lon="3.0000001">
        <time>2077-09-27T20:30:43.000Z</time>
      </trkpt>
      <trkpt lat="45.0062435" lon="3.0000001">
        <time>2077-09-27T20:30:44.000Z</time>
      </trkpt>
      <trkpt lat="45.0062704" lon="3.0000001">
        <time>2077-09-27T20:30:45.000Z</time>
      </trkpt>
      <trkpt lat="45.0062943" lon="3.0000001">
        <time>2077-09-27T20:30:46.000Z</time>
      </trkpt>
      <trkpt lat="45.0063220" lon="3.0000001">
        <time>2077-09-27T20:30:47.000Z</time>
      </trkpt>
      <trkpt lat="45.0063463" lon="3.0000001">
        <time>2077-09-27T20:30:48.000Z</time>
      </trkpt>
      <trkpt lat="45.0063737" lon="3.0000001">
        <time>2077-09-27T20:30:49.000Z</time>
      </trkpt>
      <trkpt lat="45.0063982" lon="3.0000001">
        <time>2077-09-27T20:30:50.000Z</time>
      </trkpt>
      <trkpt lat="45.0064218" lon="3.0000001">
        <time>2077-09-27T20:30:51.000Z</time>
      </trkpt>
      <trkpt lat="45.0064469" lon="3.0000001">
        <time>2077-09-27T20:30:52.000Z</time>
      </trkpt>
      <trkpt lat="45.0064718" lon="3.0000001">
        <time>2077-09-27T20:30:53.000Z</time>
      </trkpt>
      <trkpt lat="45.0064970" lon="3.0000001">
        <time>2077-09-27T20:30:54.000Z</time>
      </trkpt>
      <trkpt lat="45.0065226" lon="3.0000001">
        <time>2077-09-27T20:30:55.000Z</time>
      </trkpt>
      <trkpt lat="45.0065492" lon="3.0000001">
        <time>2077-09-27T20:30:56.000Z</time>
      </trkpt>
      <trkpt lat="45.0065735" lon="3.0000001">
        <time>2077-09-27T20:30:57.000Z</time>
      </trkpt>
      <trkpt lat="45.0065996" lon="3.0000001">
        <time>2077-09-27T20:30:58.000Z</time>
      </trkpt>
      <trkpt lat="45.0066232" lon="3.0000001">
        <time>2077-09-27T20:30:59.000Z</time>
      </trkpt>
      <trkpt lat="45.0066480" lon="3.0000001">
        <time>2077-09-27T20:31:00.000Z</time>
      </trkpt>
      <trkpt lat="45.0066720" lon="3.0000001">
        <time>2077-09-27T20:31:01.000Z</time>
      </trkpt>
      <trkpt lat="45.0066979" lon="3.0000001">
        <time>2077-09-27T20:31:02.000Z</time>
      </trkpt>
      <trkpt lat="45.0067254" lon="3.0000001">
        <time>2077-09-27T20:31:03.000Z</time>
      </trkpt>
      <trkpt lat="45.0067499" lon="3.0000001">
        <time>2077-09-27T20:31:04.000Z</time>
      </trkpt>
      <trkpt lat="45.0067758" lon="3.0000001">
        <time>2077-09-27T20:31:05.000Z</time>
      </trkpt>
      <trkpt lat="45.0067992" lon="3.0000001">
        <time>2077-09-27T20:31:06.000Z</time>
      </trkpt>
      <trkpt lat="45.0068263" lon="3.0000001">
        <time>2077-09-27T20:31:07.000Z</time>
      </trkpt>
      <trkpt lat="45.0068530" lon="3.0000001">
        <time>2077-09-27T20:31:08.000Z</time>
      </trkpt>
      <trkpt lat="45.0068804" lon="3.0000001">
        <time>2077-09-27T20:31:09.000Z</time>
      </trkpt>
      <trkpt lat="45.0069046" lon="3.0000001">
        <time>2077-09-27T20:31:10.000Z</time>
      </trkpt>
      <trkpt lat="45.0069321" lon="3.0000001">
        <time>2077-09-27T20:31:11.000Z</time>
      </trkpt>
      <trkpt lat="45.0069556" lon="3.0000001">
        <time>2077-09-27T20:31:12.000Z</time>
      </trkpt>
      <trkpt lat="45.0069790" lon="3.0000001">
        <time>2077-09-27T20:31:13.000Z</time>
      </trkpt>
      <trkpt lat="45.0070034" lon="3.0000001">
        <time>2077-09-27T20:31:14.000Z</time>
      </trkpt>
      <trkpt lat="45.0070292" lon="3.0000001">
        <time>2077-09-27T20:31:15.000Z</time>
      </trkpt>
      <trkpt lat="45.0070543" lon="3.0000001">
        <time>2077-09-27T20:31:16.000Z</time>
      </trkpt>
      <trkpt lat="45.0070819" lon="3.0000001">
        <time>2077-09-27T20:31:17.000Z</time>
      </trkpt>
      <trkpt lat="45.0071080" lon="3.0000001">
        <time>2077-09-27T20:31:18.000Z</time>
      </trkpt>
      <trkpt lat="45.0071349" lon="3.0000001">
        <time>2077-09-27T20:31:19.000Z</time>
      </trkpt>
      <trkpt lat="45.0071601" lon="3.0000001">
        <time>2077-09-27T20:31:20.000Z</time>
      </trkpt>
      <trkpt lat="45.0071848" lon="3.0000001">
        <time>2077-09-27T20:31:21.000Z</time>
      </trkpt>
      <trkpt lat="45.0072094" lon="3.0000001">
        <time>2077-09-27T20:31:22.000Z</time>
      </trkpt>
      <trkpt lat="45.0072355" lon="3.0000001">
        <time>2077-09-27T20:31:23.000Z</time>
      </trkpt>
      <trkpt lat="45.0072597" lon="3.0000001">
        <time>2077-09-27T20:31:24.000Z</time>
      </trkpt>
      <trkpt lat="45.0072861" lon="3.0000001">
        <time>2077-09-27T20:31:25.000Z</time>
      </trkpt>
      <trkpt lat="45.0073112" lon="3.0000001">
        <time>2077-09-27T20:31:26.000Z</time>
      </trkpt>
      <trkpt lat="45.0073386" lon="3.0000001">
        <time>2077-09-27T20:31:27.000Z</time>
      </trkpt>
      <trkpt lat="45.0073621" lon="3.0000001">
        <time>2077-09-27T20:31:28.000Z</time>
      </trkpt>
      <trkpt lat="45.0073887" lon="3.0000001">
        <time>2077-09-27T20:31:29.000Z</time>
      </trkpt>
      <trkpt lat="45.0074165" lon="3.0000001">
        <time>2077-09-27T20:31:30.000Z</time>
      </trkpt>
      <trkpt lat="45.0074439" lon="3.0000001">
        <time>2077-09-27T20:31:31.000Z</time>
      </trkpt>
      <trkpt lat="45.0074689" lon="3.0000001">
        <time>2077-09-27T20:31:32.000Z</time>
      </trkpt>
      <trkpt lat="45.0074960" lon="3.0000001">
        <time>2077-09-27T20:31:33.000Z</time>
      </trkpt>
      <trkpt lat="45.0075196" lon="3.0000001">
        <time>2077-09-27T20:31:34.000Z</time>
      </trkpt>
      <trkpt lat="45.0075461" lon="3.0000001">
        <time>2077-09-27T20:31:35.000Z</time>
      </trkpt>
      <trkpt lat="45.0075713" lon="3.0000001">
        <time>2077-09-27T20:31:36.000Z</time>
      </trkpt>
      <trkpt lat="45.0075980" lon="3.0000001">
        <time>2077-09-27T20:31:37.000Z</time>
      </trkpt>
      <trkpt lat="45.0076244" lon="3.0000001">
        <time>2077-09-27T20:31:38.000Z</time>
      </trkpt>
      <trkpt lat="45.0076486" lon="3.0000001">
        <time>2077-09-27T20:31:39.000Z</time>
      </trkpt>
      <trkpt lat="45.0076740" lon="3.0000001">
        <time>2077-09-27T20:31:40.000Z</time>
      </trkpt>
      <trkpt lat="45.0076996" lon="3.0000001">
        <time>2077-09-27T20:31:41.000Z</time>
      </trkpt>
      <trkpt lat="45.0077266" lon="3.0000001">
        <time>2077-09-27T20:31:42.000Z</time>
      </trkpt>
      <trkpt lat="45.0077519" lon="3.0000001">
        <time>2077-09-27T20:31:43.000Z</time>
      </trkpt>
      <trkpt lat="45.0077780" lon="3.0000001">
        <time>2077-09-27T20:31:44.000Z</time>
      </trkpt>
      <trkpt lat="45.0078039" lon="3.0000001">
        <time>2077-09-27T20:31:45.000Z</time>
      </trkpt>
      <trkpt lat="45.0078280" lon="3.0000001">
        <time>2077-09-27T20:31:46.000Z</time>
      </trkpt>
      <trkpt lat="45.0078536" lon="3.0000001">
        <time>2077-09-27T20:31:47.000Z</time>
      </trkpt>
      <trkpt lat="45.0078781" lon="3.0000001">
        <time>2077-09-27T20:31:48.000Z</time>
      </trkpt>
      <trkpt lat="45.0079060" lon="3.0000001">
        <time>2077-09-27T20:31:49.000Z</time>
      </trkpt>
      <trkpt lat="45.0079331" lon="3.0000001">
        <time>2077-09-27T20:31:50.000Z</time>
      </trkpt>
      <trkpt lat="45.0079584" lon="3.0000001">
        <time>2077-09-27T20:31:51.000Z</time>
      </trkpt>
      <trkpt lat="45.0079844" lon="3.0000001">
        <time>2077-09-27T20:31:52.000Z</time>
      </trkpt>
      <trkpt lat="45.0080082" lon="3.0000001">
        <time>2077-09-27T20:31:53.000Z</time>
      </trkpt>
      <trkpt lat="45.0080323" lon="3.0000001">
        <time>2077-09-27T20:31:54.000Z</time>
      </trkpt>
      <trkpt lat="45.0080577" lon="3.0000001">
        <time>2077-09-27T20:31:55.000Z</time>
      </trkpt>
      <trkpt lat="45.0080826" lon="3.0000001">
        <time>2077-09-27T20:31:56.000Z</time>
      </trkpt>
      <trkpt lat="45.0081100" lon="3.0000001">
        <time>2077-09-27T20:31:57.000Z</time>
      </trkpt>
      <trkpt lat="45.0081343" lon="3.0000001">
        <time>2077-09-27T20:31:58.000Z</time>
      </trkpt>
      <trkpt lat="45.0081602" lon="3.0000001">
        <time>2077-09-27T20:31:59.000Z</time>
      </trkpt>
      <trkpt lat="45.0081860" lon="3.0000001">
        <time>2077-09-27T20:32:00.000Z</time>
      </trkpt>
      <trkpt lat="45.0082129" lon="3.0000001">
        <time>2077-09-27T20:32:01.000Z</time>
      </trkpt>
      <trkpt lat="45.0082364" lon="3.0000001">
        <time>2077-09-27T20:32:02.000Z</time>
      </trkpt>
      <trkpt lat="45.0082638" lon="3.0000002">
        <time>2077-09-27T20:32:03.000Z</time>
      </trkpt>
      <trkpt lat="45.0082909" lon="3.0000001">
        <time>2077-09-27T20:32:04.000Z</time>
      </trkpt>
      <trkpt lat="45.0083177" lon="3.0000001">
        <time>2077-09-27T20:32:05.000Z</time>
      </trkpt>
      <trkpt lat="45.0083437" lon="3.0000001">
        <time>2077-09-27T20:32:06.000Z</time>
      </trkpt>
      <trkpt lat="45.0083705" lon="3.0000001">
        <time>2077-09-27T20:32:07.000Z</time>
      </trkpt>
      <trkpt lat="45.0083946" lon="3.0000001">
        <time>2077-09-27T20:32:08.000Z</time>
      </trkpt>
      <trkpt lat="45.0084188" lon="3.0000001">
        <time>2077-09-27T20:32:09.000Z</time>
      </trkpt>
      <trkpt lat="45.0084460" lon="3.0000001">
        <time>2077-09-27T20:32:10.000Z</time>
      </trkpt>
      <trkpt lat="45.0084719" lon="3.0000001">
        <time>2077-09-27T20:32:11.000Z</time>
      </trkpt>
      <trkpt lat="45.0084962" lon="3.0000001">
        <time>2077-09-27T20:32:12.000Z</time>
      </trkpt>
      <trkpt lat="45.0085228" lon="3.0000001">
        <time>2077-09-27T20:32:13.000Z</time>
      </trkpt>
      <trkpt lat="45.0085464" lon="3.0000001">
        <time>2077-09-27T20:32:14.000Z</time>
      </trkpt>
      <trkpt lat="45.0085739" lon="3.0000001">
        <time>2077-09-27T20:32:15.000Z</time>
      </trkpt>
      <trkpt lat="45.0085976" lon="3.0000001">
        <time>2077-09-27T20:32:16.000Z</time>
      </trkpt>
      <trkpt lat="45.0086224" lon="3.0000001">
        <time>2077-09-27T20:32:17.000Z</time>
      </trkpt>
      <trkpt lat="45.0086493" lon="3.0000001">
        <time>2077-09-27T20:32:18.000Z</time>
      </trkpt>
      <trkpt lat="45.0086765" lon="3.0000001">
        <time>2077-09-27T20:32:19.000Z</time>
      </trkpt>
      <trkpt lat="45.0086999" lon="3.0000001">
        <time>2077-09-27T20:32:20.000Z</time>
      </trkpt>
      <trkpt lat="45.0087275" lon="3.0000001">
        <time>2077-09-27T20:32:21.000Z</time>
      </trkpt>
      <trkpt lat="45.0087553" lon="3.0000001">
        <time>2077-09-27T20:32:22.000Z</time>
      </trkpt>
      <trkpt lat="45.0087798" lon="3.0000001">
        <time>2077-09-27T20:32:23.000Z</time>
      </trkpt>
      <trkpt lat="45.0088063" lon="3.0000001">
        <time>2077-09-27T20:32:24.000Z</time>
      </trkpt>
      <trkpt lat="45.0088339" lon="3.0000001">
        <time>2077-09-27T20:32:25.000Z</time>
      </trkpt>
      <trkpt lat="45.0088615" lon="3.0000001">
        <time>2077-09-27T20:32:26.000Z</time>
      </trkpt>
      <trkpt lat="45.0088852" lon="3.0000000">
        <time>2077-09-27T20:32:27.000Z</time>
      </trkpt>
      <trkpt lat="45.0089114" lon="3.0000001">
        <time>2077-09-27T20:32:28.000Z</time>
      </trkpt>
      <trkpt lat="45.0089379" lon="3.0000001">
        <time>2077-09-27T20:32:29.000Z</time>
      </trkpt>
      <trkpt lat="45.0089629" lon="3.0000001">
        <time>2077-09-27T20:32:30.000Z</time>
      </trkpt>
      <trkpt lat="45.0089885" lon="3.0000000">
        <time>2077-09-27T20:32:31.000Z</time>
      </trkpt>
      <trkpt lat="45.0090135" lon="3.0000000">
        <time>2077-09-27T20:32:32.000Z</time>
      </trkpt>
      <trkpt lat="45.0090389" lon="3.0000000">
        <time>2077-09-27T20:32:33.000Z</time>
      </trkpt>
      <trkpt lat="45.0090632" lon="3.0000000">
        <time>2077-09-27T20:32:34.000Z</time>
      </trkpt>
      <trkpt lat="45.0090881" lon="3.0000000">
        <time>2077-09-27T20:32:35.000Z</time>
      </trkpt>
      <trkpt lat="45.0091118" lon="3.0000001">
        <time>2077-09-27T20:32:36.000Z</time>
      </trkpt>
      <trkpt lat="45.0091365" lon="3.0000000">
        <time>2077-09-27T20:32:37.000Z</time>
      </trkpt>
      <trkpt lat="45.0091612" lon="3.0000001">
        <time>2077-09-27T20:32:38.000Z</time>
      </trkpt>
      <trkpt lat="45.0091879" lon="3.0000001">
        <time>2077-09-27T20:32:39.000Z</time>
      </trkpt>
      <trkpt lat="45.0092147" lon="3.0000000">
        <time>2077-09-27T20:32:40.000Z</time>
      </trkpt>
      <trkpt lat="45.0092424" lon="3.0000000">
        <time>2077-09-27T20:32:41.000Z</time>
      </trkpt>
      <trkpt lat="45.0092670" lon="3.0000000">
        <time>2077-09-27T20:32:42.000Z</time>
      </trkpt>
      <trkpt lat="45.0092936" lon="3.0000001">
        <time>2077-09-27T20:32:43.000Z</time>
      </trkpt>
      <trkpt lat="45.0093185" lon="3.0000001">
        <time>2077-09-27T20:32:44.000Z</time>
      </trkpt>
      <trkpt lat="45.0093431" lon="3.0000000">
        <time>2077-09-27T20:32:45.000Z</time>
      </trkpt>
      <trkpt lat="45.0093681" lon="3.0000000">
        <time>2077-09-27T20:32:46.000Z</time>
      </trkpt>
      <trkpt lat="45.0093922" lon="3.0000000">
        <time>2077-09-27T20:32:47.000Z</time>
      </trkpt>
      <trkpt lat="45.0094176" lon="3.0000000">
        <time>2077-09-27T20:32:48.000Z</time>
      </trkpt>
      <trkpt lat="45.0094450" lon="3.0000000">
        <time>2077-09-27T20:32:49.000Z</time>
      </trkpt>
      <trkpt lat="45.0094701" lon="3.0000000">
        <time>2077-09-27T20:32:50.000Z</time>
      </trkpt>
      <trkpt lat="45.0094939" lon="3.0000000">
        <time>2077-09-27T20:32:51.000Z</time>
      </trkpt>
      <trkpt lat="45.0095193" lon="3.0000000">
        <time>2077-09-27T20:32:52.000Z</time>
      </trkpt>
      <trkpt lat="45.0095438" lon="3.0000000">
        <time>2077-09-27T20:32:53.000Z</time>
      </trkpt>
      <trkpt lat="45.0095681" lon="3.0000000">
        <time>2077-09-27T20:32:54.000Z</time>
      </trkpt>
      <trkpt lat="45.0095919" lon="3.0000000">
        <time>2077-09-27T20:32:55.000Z</time>
      </trkpt>
      <trkpt lat="45.0096166" lon="3.0000000">
        <time>2077-09-27T20:32:56.000Z</time>
      </trkpt>
      <trkpt lat="45.0096436" lon="3.0000000">
        <time>2077-09-27T20:32:57.000Z</time>
      </trkpt>
      <trkpt lat="45.0096692" lon="3.0000000">
        <time>2077-09-27T20:32:58.000Z</time>
      </trkpt>
      <trkpt lat="45.0096930" lon="3.0000001">
        <time>2077-09-27T20:32:59.000Z</time>
      </trkpt>
      <trkpt lat="45.0097202" lon="3.0000001">
        <time>2077-09-27T20:33:00.000Z</time>
      </trkpt>
      <trkpt lat="45.0097447" lon="3.0000001">
        <time>2077-09-27T20:33:01.000Z</time>
      </trkpt>
      <trkpt lat="45.0097697" lon="3.0000001">
        <time>2077-09-27T20:33:02.000Z</time>
      </trkpt>
      <trkpt lat="45.0097958" lon="3.0000001">
        <time>2077-09-27T20:33:03.000Z</time>
      </trkpt>
      <trkpt lat="45.0098202" lon="3.0000001">
        <time>2077-09-27T20:33:04.000Z</time>
      </trkpt>
      <trkpt lat="45.0098453" lon="3.0000001">
        <time>2077-09-27T20:33:05.000Z</time>
      </trkpt>
      <trkpt lat="45.0098698" lon="3.0000001">
        <time>2077-09-27T20:33:06.000Z</time>
      </trkpt>
      <trkpt lat="45.0098946" lon="3.0000000">
        <time>2077-09-27T20:33:07.000Z</time>
      </trkpt>
      <trkpt lat="45.0099188" lon="3.0000000">
        <time>2077-09-27T20:33:08.000Z</time>
      </trkpt>
      <trkpt lat="45.0099426" lon="3.0000000">
        <time>2077-09-27T20:33:09.000Z</time>
      </trkpt>
      <trkpt lat="45.0099702" lon="3.0000000">
        <time>2077-09-27T20:33:10.000Z</time>
      </trkpt>
      <trkpt lat="45.0099980" lon="3.0000000">
        <time>2077-09-27T20:33:11.000Z</time>
      </trkpt>
      <trkpt lat="45.0100245" lon="3.0000000">
        <time>2077-09-27T20:33:12.000Z</time>
      </trkpt>
      <trkpt lat="45.0100512" lon="3.0000000">
        <time>2077-09-27T20:33:13.000Z</time>
      </trkpt>
      <trkpt lat="45.0100756" lon="3.0000000">
        <time>2077-09-27T20:33:14.000Z</time>
      </trkpt>
      <trkpt lat="45.0101014" lon="3.0000000">
        <time>2077-09-27T20:33:15.000Z</time>
      </trkpt>
      <trkpt lat="45.0101292" lon="3.0000000">
        <time>2077-09-27T20:33:16.000Z</time>
      </trkpt>
      <trkpt lat="45.0101564" lon="3.0000000">
        <time>2077-09-27T20:33:17.000Z</time>
      </trkpt>
      <trkpt lat="45.0101807" lon="3.0000000">
        <time>2077-09-27T20:33:18.000Z</time>
      </trkpt>
      <trkpt lat="45.0102042" lon="3.0000000">
        <time>2077-09-27T20:33:19.000Z</time>
      </trkpt>
      <trkpt lat="45.0102305" lon="3.0000000">
        <time>2077-09-27T20:33:20.000Z</time>
      </trkpt>
      <trkpt lat="45.0102548" lon="3.0000001">
        <time>2077-09-27T20:33:21.000Z</time>
      </trkpt>
      <trkpt lat="45.0102827" lon="3.0000000">
        <time>2077-09-27T20:33:22.000Z</time>
      </trkpt>
      <trkpt lat="45.0103099" lon="3.0000001">
        <time>2077-09-27T20:33:23.000Z</time>
      </trkpt>
      <trkpt lat="45.0103359" lon="3.0000001">
        <time>2077-09-27T20:33:24.000Z</time>
      </trkpt>
      <trkpt lat="45.0103608" lon="3.0000001">
        <time>2077-09-27T20:33:25.000Z</time>
      </trkpt>
      <trkpt lat="45.0103863" lon="3.0000001">
        <time>2077-09-27T20:33:26.000Z</time>
      </trkpt>
      <trkpt lat="45.0104110" lon="3.0000001">
        <time>2077-09-27T20:33:27.000Z</time>
      </trkpt>
      <trkpt lat="45.0104348" lon="3.0000001">
        <time>2077-09-27T20:33:28.000Z</time>
      </trkpt>
      <trkpt lat="45.0104606" lon="3.0000001">
        <time>2077-09-27T20:33:29.000Z</time>
      </trkpt>
      <trkpt lat="45.0104861" lon="3.0000001">
        <time>2077-09-27T20:33:30.000Z</time>
      </trkpt>
      <trkpt lat="45.0105109" lon="3.0000001">
        <time>2077-09-27T20:33:31.000Z</time>
      </trkpt>
      <trkpt lat="45.0105371" lon="3.0000001">
        <time>2077-09-27T20:33:32.000Z</time>
      </trkpt>
      <trkpt lat="45.0105638" lon="3.0000001">
        <time>2077-09-27T20:33:33.000Z</time>
      </trkpt>
      <trkpt lat="45.0105909" lon="3.0000001">
        <time>2077-09-27T20:33:34.000Z</time>
      </trkpt>
      <trkpt lat="45.0106187" lon="3.0000001">
        <time>2077-09-27T20:33:35.000Z</time>
      </trkpt>
      <trkpt lat="45.0106434" lon="3.0000001">
        <time>2077-09-27T20:33:36.000Z</time>
      </trkpt>
      <trkpt lat="45.0106673" lon="3.0000001">
        <time>2077-09-27T20:33:37.000Z</time>
      </trkpt>
      <trkpt lat="45.0106912" lon="3.0000001">
        <time>2077-09-27T20:33:38.000Z</time>
      </trkpt>
      <trkpt lat="45.0107179" lon="3.0000001">
        <time>2077-09-27T20:33:39.000Z</time>
      </trkpt>
      <trkpt lat="45.0107427" lon="3.0000001">
        <time>2077-09-27T20:33:40.000Z</time>
      </trkpt>
      <trkpt lat="45.0107679" lon="3.0000001">
        <time>2077-09-27T20:33:41.000Z</time>
      </trkpt>
      <trkpt lat="45.0107925" lon="3.0000001">
        <time>2077-09-27T20:33:42.000Z</time>
      </trkpt>
      <trkpt lat="45.0108163" lon="3.0000001">
        <time>2077-09-27T20:33:43.000Z</time>
      </trkpt>
      <trkpt lat="45.0108437" lon="3.0000001">
        <time>2077-09-27T20:33:44.000Z</time>
      </trkpt>
      <trkpt lat="45.0108681" lon="3.0000001">
        <time>2077-09-27T20:33:45.000Z</time>
      </trkpt>
      <trkpt lat="45.0108931" lon="3.0000001">
        <time>2077-09-27T20:33:46.000Z</time>
      </trkpt>
      <trkpt lat="45.0109177" lon="3.0000001">
        <time>2077-09-27T20:33:47.000Z</time>
      </trkpt>
      <trkpt lat="45.0109436" lon="3.0000001">
        <time>2077-09-27T20:33:48.000Z</time>
      </trkpt>
      <trkpt lat="45.0109687" lon="3.0000001">
        <time>2077-09-27T20:33:49.000Z</time>
      </trkpt>
      <trkpt lat="45.0109922" lon="3.0000001">
        <time>2077-09-27T20:33:50.000Z</time>
      </trkpt>
      <trkpt lat="45.0110199" lon="3.0000000">
        <time>2077-09-27T20:33:51.000Z</time>
      </trkpt>
      <trkpt lat="45.0110466" lon="3.0000001">
        <time>2077-09-27T20:33:52.000Z</time>
      </trkpt>
      <trkpt lat="45.0110736" lon="3.0000001">
        <time>2077-09-27T20:33:53.000Z</time>
      </trkpt>
      <trkpt lat="45.0110978" lon="3.0000001">
        <time>2077-09-27T20:33:54.000Z</time>
      </trkpt>
      <trkpt lat="45.0111215" lon="3.0000001">
        <time>2077-09-27T20:33:55.000Z</time>
      </trkpt>
      <trkpt lat="45.0111458" lon="3.0000001">
        <time>2077-09-27T20:33:56.000Z</time>
      </trkpt>
      <trkpt lat="45.0111733" lon="3.0000001">
        <time>2077-09-27T20:33:57.000Z</time>
      </trkpt>
      <trkpt lat="45.0111975" lon="3.0000001">
        <time>2077-09-27T20:33:58.000Z</time>
      </trkpt>
      <trkpt lat="45.0112234" lon="3.0000001">
        <time>2077-09-27T20:33:59.000Z</time>
      </trkpt>
      <trkpt lat="45.0112483" lon="3.0000001">
        <time>2077-09-27T20:34:00.000Z</time>
      </trkpt>
      <trkpt lat="45.0112760" lon="3.0000001">
        <time>2077-09-27T20:34:01.000Z</time>
      </trkpt>
      <trkpt lat="45.0113010" lon="3.0000001">
        <time>2077-09-27T20:34:02.000Z</time>
      </trkpt>
      <trkpt lat="45.0113274" lon="3.0000001">
        <time>2077-09-27T20:34:03.000Z</time>
      </trkpt>
      <trkpt lat="45.0113516" lon="3.0000001">
        <time>2077-09-27T20:34:04.000Z</time>
      </trkpt>
      <trkpt lat="45.0113763" lon="3.0000001">
        <time>2077-09-27T20:34:05.000Z</time>
      </trkpt>
      <trkpt lat="45.0114014" lon="3.0000001">
        <time>2077-09-27T20:34:06.000Z</time>
      </trkpt>
      <trkpt lat="45.0114262" lon="3.0000001">
        <time>2077-09-27T20:34:07.000Z</time>
      </trkpt>
      <trkpt lat="45.0114524" lon="3.0000001">
        <time>2077-09-27T20:34:08.000Z</time>
      </trkpt>
      <trkpt lat="45.0114764" lon="3.0000001">
        <time>2077-09-27T20:34:09.000Z</time>
      </trkpt>
      <trkpt lat="45.0115000" lon="3.0000001">
        <time>2077-09-27T20:34:10.000Z</time>
      </trkpt>
      <trkpt lat="45.0115237" lon="3.0000001">
        <time>2077-09-27T20:34:11.000Z</time>
      </trkpt>
      <trkpt lat="45.0115490" lon="3.0000001">
        <time>2077-09-27T20:34:12.000Z</time>
      </trkpt>
      <trkpt lat="45.0115737" lon="3.0000001">
        <time>2077-09-27T20:34:13.000Z</time>
      </trkpt>
      <trkpt lat="45.0116009" lon="3.0000001">
        <time>2077-09-27T20:34:14.000Z</time>
      </trkpt>
      <trkpt lat="45.0116251" lon="3.0000001">
        <time>2077-09-27T20:34:15.000Z</time>
      </trkpt>
      <trkpt lat="45.0116518" lon="3.0000001">
        <time>2077-09-27T20:34:16.000Z</time>
      </trkpt>
      <trkpt lat="45.0116760" lon="3.0000001">
        <time>2077-09-27T20:34:17.000Z</time>
      </trkpt>
      <trkpt lat="45.0117009" lon="3.0000001">
        <time>2077-09-27T20:34:18.000Z</time>
      </trkpt>
      <trkpt lat="45.0117263" lon="3.0000001">
        <time>2077-09-27T20:34:19.000Z</time>
      </trkpt>
      <trkpt lat="45.0117520" lon="3.0000001">
        <time>2077-09-27T20:34:20.000Z</time>
      </trkpt>
      <trkpt lat="45.0117780" lon="3.0000000">
        <time>2077-09-27T20:34:21.000Z</time>
      </trkpt>
      <trkpt lat="45.0118022" lon="3.0000000">
        <time>2077-09-27T20:34:22.000Z</time>
      </trkpt>
      <trkpt lat="45.0118282" lon="3.0000000">
        <time>2077-09-27T20:34:23.000Z</time>
      </trkpt>
      <trkpt lat="45.0118558" lon="3.0000001">
        <time>2077-09-27T20:34:24.000Z</time>
      </trkpt>
      <trkpt lat="45.0118827" lon="3.0000001">
        <time>2077-09-27T20:34:25.000Z</time>
      </trkpt>
      <trkpt lat="45.0119102" lon="3.0000001">
        <time>2077-09-27T20:34:26.000Z</time>
      </trkpt>
      <trkpt lat="45.0119379" lon="3.0000001">
        <time>2077-09-27T20:34:27.000Z</time>
      </trkpt>
      <trkpt lat="45.0119632" lon="3.0000001">
        <time>2077-09-27T20:34:28.000Z</time>
      </trkpt>
      <trkpt lat="45.0119894" lon="3.0000001">
        <time>2077-09-27T20:34:29.000Z</time>
      </trkpt>
      <trkpt lat="45.0120140" lon="3.0000001">
        <time>2077-09-27T20:34:30.000Z</time>
      </trkpt>
      <trkpt lat="45.0120381" lon="3.0000001">
        <time>2077-09-27T20:34:31.000Z</time>
      </trkpt>
      <trkpt lat="45.0120654" lon="3.0000001">
        <time>2077-09-27T20:34:32.000Z</time>
      </trkpt>
      <trkpt lat="45.0120907" lon="3.0000001">
        <time>2077-09-27T20:34:33.000Z</time>
      </trkpt>
      <trkpt lat="45.0121167" lon="3.0000001">
        <time>2077-09-27T20:34:34.000Z</time>
      </trkpt>
      <trkpt lat="45.0121436" lon="3.0000001">
        <time>2077-09-27T20:34:35.000Z</time>
      </trkpt>
      <trkpt lat="45.0121677" lon="3.0000001">
        <time>2077-09-27T20:34:36.000Z</time>
      </trkpt>
      <trkpt lat="45.0121912" lon="3.0000001">
        <time>2077-09-27T20:34:37.000Z</time>
      </trkpt>
      <trkpt lat="45.0122191" lon="3.0000001">
        <time>2077-09-27T20:34:38.000Z</time>
      </trkpt>
      <trkpt lat="45.0122445" lon="3.0000001">
        <time>2077-09-27T20:34:39.000Z</time>
      </trkpt>
      <trkpt lat="45.0122712" lon="3.0000001">
        <time>2077-09-27T20:34:40.000Z</time>
      </trkpt>
      <trkpt lat="45.0122987" lon="3.0000001">
        <time>2077-09-27T20:34:41.000Z</time>
      </trkpt>
      <trkpt lat="45.0123249" lon="3.0000001">
        <time>2077-09-27T20:34:42.000Z</time>
      </trkpt>
      <trkpt lat="45.0123521" lon="3.0000002">
        <time>2077-09-27T20:34:43.000Z</time>
      </trkpt>
      <trkpt lat="45.0123784" lon="3.0000001">
        <time>2077-09-27T20:34:44.000Z</time>
      </trkpt>
      <trkpt lat="45.0124062" lon="3.0000002">
        <time>2077-09-27T20:34:45.000Z</time>
      </trkpt>
      <trkpt lat="45.0124333" lon="3.0000002">
        <time>2077-09-27T20:34:46.000Z</time>
      </trkpt>
      <trkpt lat="45.0124598" lon="3.0000002">
        <time>2077-09-27T20:34:47.000Z</time>
      </trkpt>
      <trkpt lat="45.0124857" lon="3.0000002">
        <time>2077-09-27T20:34:48.000Z</time>
      </trkpt>
      <trkpt lat="45.0125130" lon="3.0000002">
        <time>2077-09-27T20:34:49.000Z</time>
      </trkpt>
      <trkpt lat="45.0125371" lon="3.0000002">
        <time>2077-09-27T20:34:50.000Z</time>
      </trkpt>
      <trkpt lat="45.0125637" lon="3.0000002">
        <time>2077-09-27T20:34:51.000Z</time>
      </trkpt>
      <trkpt lat="45.0125888" lon="3.0000002">
        <time>2077-09-27T20:34:52.000Z</time>
      </trkpt>
      <trkpt lat="45.0126153" lon="3.0000002">
        <time>2077-09-27T20:34:53.000Z</time>
      </trkpt>
      <trkpt lat="45.0126400" lon="3.0000002">
        <time>2077-09-27T20:34:54.000Z</time>
      </trkpt>
      <trkpt lat="45.0126668" lon="3.0000002">
        <time>2077-09-27T20:34:55.000Z</time>
      </trkpt>
      <trkpt lat="45.0126918" lon="3.0000002">
        <time>2077-09-27T20:34:56.000Z</time>
      </trkpt>
      <trkpt lat="45.0127192" lon="3.0000002">
        <time>2077-09-27T20:34:57.000Z</time>
      </trkpt>
      <trkpt lat="45.0127427" lon="3.0000002">
        <time>2077-09-27T20:34:58.000Z</time>
      </trkpt>
      <trkpt lat="45.0127671" lon="3.0000002">
        <time>2077-09-27T20:34:59.000Z</time>
      </trkpt>
      <trkpt lat="45.0127918" lon="3.0000002">
        <time>2077-09-27T20:35:00.000Z</time>
      </trkpt>
      <trkpt lat="45.0128184" lon="3.0000002">
        <time>2077-09-27T20:35:01.000Z</time>
      </trkpt>
      <trkpt lat="45.0128456" lon="3.0000002">
        <time>2077-09-27T20:35:02.000Z</time>
      </trkpt>
      <trkpt lat="45.0128722" lon="3.0000002">
        <time>2077-09-27T20:35:03.000Z</time>
      </trkpt>
      <trkpt lat="45.0128984" lon="3.0000002">
        <time>2077-09-27T20:35:04.000Z</time>
      </trkpt>
      <trkpt lat="45.0129250" lon="3.0000002">
        <time>2077-09-27T20:35:05.000Z</time>
      </trkpt>
      <trkpt lat="45.0129486" lon="3.0000002">
        <time>2077-09-27T20:35:06.000Z</time>
      </trkpt>
      <trkpt lat="45.0129757" lon="3.0000002">
        <time>2077-09-27T20:35:07.000Z</time>
      </trkpt>
      <trkpt lat="45.0130020" lon="3.0000002">
        <time>2077-09-27T20:35:08.000Z</time>
      </trkpt>
      <trkpt lat="45.0130298" lon="3.0000002">
        <time>2077-09-27T20:35:09.000Z</time>
      </trkpt>
      <trkpt lat="45.0130535" lon="3.0000002">
        <time>2077-09-27T20:35:10.000Z</time>
      </trkpt>
      <trkpt lat="45.0130784" lon="3.0000002">
        <time>2077-09-27T20:35:11.000Z</time>
      </trkpt>
      <trkpt lat="45.0131042" lon="3.0000002">
        <time>2077-09-27T20:35:12.000Z</time>
      </trkpt>
      <trkpt lat="45.0131280" lon="3.0000002">
        <time>2077-09-27T20:35:13.000Z</time>
      </trkpt>
      <trkpt lat="45.0131542" lon="3.0000002">
        <time>2077-09-27T20:35:14.000Z</time>
      </trkpt>
      <trkpt lat="45.0131818" lon="3.0000002">
        <time>2077-09-27T20:35:15.000Z</time>
      </trkpt>
      <trkpt lat="45.0132056" lon="3.0000002">
        <time>2077-09-27T20:35:16.000Z</time>
      </trkpt>
      <trkpt lat="45.0132322" lon="3.0000002">
        <time>2077-09-27T20:35:17.000Z</time>
      </trkpt>
      <trkpt lat="45.0132580" lon="3.0000002">
        <time>2077-09-27T20:35:18.000Z</time>
      </trkpt>
      <trkpt lat="45.0132824" lon="3.0000002">
        <time>2077-09-27T20:35:19.000Z</time>
      </trkpt>
      <trkpt lat="45.0133085" lon="3.0000002">
        <time>2077-09-27T20:35:20.000Z</time>
      </trkpt>
      <trkpt lat="45.0133344" lon="3.0000002">
        <time>2077-09-27T20:35:21.000Z</time>
      </trkpt>
      <trkpt lat="45.0133592" lon="3.0000002">
        <time>2077-09-27T20:35:22.000Z</time>
      </trkpt>
      <trkpt lat="45.0133840" lon="3.0000002">
        <time>2077-09-27T20:35:23.000Z</time>
      </trkpt>
      <trkpt lat="45.0134087" lon="3.0000003">
        <time>2077-09-27T20:35:24.000Z</time>
      </trkpt>
      <trkpt lat="45.0134324" lon="3.0000002">
        <time>2077-09-27T20:35:25.000Z</time>
      </trkpt>
      <trkpt lat="45.0134576" lon="3.0000002">
        <time>2077-09-27T20:35:26.000Z</time>
      </trkpt>
      <trkpt lat="45.0134844" lon="3.0000002">
        <time>2077-09-27T20:35:27.000Z</time>
      </trkpt>
      <trkpt lat="45.0135097" lon="3.0000002">
        <time>2077-09-27T20:35:28.000Z</time>
      </trkpt>
      <trkpt lat="45.0135359" lon="3.0000002">
        <time>2077-09-27T20:35:29.000Z</time>
      </trkpt>
      <trkpt lat="45.0135628" lon="3.0000002">
        <time>2077-09-27T20:35:30.000Z</time>
      </trkpt>
      <trkpt lat="45.0135897" lon="3.0000002">
        <time>2077-09-27T20:35:31.000Z</time>
      </trkpt>
      <trkpt lat="45.0136147" lon="3.0000002">
        <time>2077-09-27T20:35:32.000Z</time>
      </trkpt>
      <trkpt lat="45.0136421" lon="3.0000002">
        <time>2077-09-27T20:35:33.000Z</time>
      </trkpt>
      <trkpt lat="45.0136696" lon="3.0000002">
        <time>2077-09-27T20:35:34.000Z</time>
      </trkpt>
      <trkpt lat="45.0136970" lon="3.0000002">
        <time>2077-09-27T20:35:35.000Z</time>
      </trkpt>
      <trkpt lat="45.0137207" lon="3.0000002">
        <time>2077-09-27T20:35:36.000Z</time>
      </trkpt>
      <trkpt lat="45.0137479" lon="3.0000002">
        <time>2077-09-27T20:35:37.000Z</time>
      </trkpt>
      <trkpt lat="45.0137755" lon="3.0000002">
        <time>2077-09-27T20:35:38.000Z</time>
      </trkpt>
      <trkpt lat="45.0138029" lon="3.0000003">
        <time>2077-09-27T20:35:39.000Z</time>
      </trkpt>
      <trkpt lat="45.0138295" lon="3.0000002">
        <time>2077-09-27T20:35:40.000Z</time>
      </trkpt>
      <trkpt lat="45.0138547" lon="3.0000003">
        <time>2077-09-27T20:35:41.000Z</time>
      </trkpt>
      <trkpt lat="45.0138815" lon="3.0000003">
        <time>2077-09-27T20:35:42.000Z</time>
      </trkpt>
      <trkpt lat="45.0139059" lon="3.0000003">
        <time>2077-09-27T20:35:43.000Z</time>
      </trkpt>
      <trkpt lat="45.0139336" lon="3.0000003">
        <time>2077-09-27T20:35:44.000Z</time>
      </trkpt>
      <trkpt lat="45.0139578" lon="3.0000003">
        <time>2077-09-27T20:35:45.000Z</time>
      </trkpt>
      <trkpt lat="45.0139834" lon="3.0000003">
        <time>2077-09-27T20:35:46.000Z</time>
      </trkpt>
      <trkpt lat="45.0140104" lon="3.0000003">
        <time>2077-09-27T20:35:47.000Z</time>
      </trkpt>
      <trkpt lat="45.0140354" lon="3.0000003">
        <time>2077-09-27T20:35:48.000Z</time>
      </trkpt>
      <trkpt lat="45.0140599" lon="3.0000003">
        <time>2077-09-27T20:35:49.000Z</time>
      </trkpt>
      <trkpt lat="45.0140870" lon="3.0000003">
        <time>2077-09-27T20:35:50.000Z</time>
      </trkpt>
      <trkpt lat="45.0141122" lon="3.0000003">
        <time>2077-09-27T20:35:51.000Z</time>
      </trkpt>
      <trkpt lat="45.0141369" lon="3.0000003">
        <time>2077-09-27T20:35:52.000Z</time>
      </trkpt>
      <trkpt lat="45.0141609" lon="3.0000003">
        <time>2077-09-27T20:35:53.000Z</time>
      </trkpt>
      <trkpt lat="45.0141874" lon="3.0000003">
        <time>2077-09-27T20:35:54.000Z</time>
      </trkpt>
      <trkpt lat="45.0142135" lon="3.0000003">
        <time>2077-09-27T20:35:55.000Z</time>
      </trkpt>
      <trkpt lat="45.0142377" lon="3.0000003">
        <time>2077-09-27T20:35:56.000Z</time>
      </trkpt>
      <trkpt lat="45.0142628" lon="3.0000003">
        <time>2077-09-27T20:35:57.000Z</time>
      </trkpt>
      <trkpt lat="45.0142889" lon="3.0000003">
        <time>2077-09-27T20:35:58.000Z</time>
      </trkpt>
      <trkpt lat="45.0143135" lon="3.0000003">
        <time>2077-09-27T20:35:59.000Z</time>
      </trkpt>
      <trkpt lat="45.0143371" lon="3.0000003">
        <time>2077-09-27T20:36:00.000Z</time>
      </trkpt>
      <trkpt lat="45.0143643" lon="3.0000002">
        <time>2077-09-27T20:36:01.000Z</time>
      </trkpt>
      <trkpt lat="45.0143920" lon="3.0000002">
        <time>2077-09-27T20:36:02.000Z</time>
      </trkpt>
      <trkpt lat="45.0144165" lon="3.0000002">
        <time>2077-09-27T20:36:03.000Z</time>
      </trkpt>
      <trkpt lat="45.0144401" lon="3.0000002">
        <time>2077-09-27T20:36:04.000Z</time>
      </trkpt>
      <trkpt lat="45.0144661" lon="3.0000002">
        <time>2077-09-27T20:36:05.000Z</time>
      </trkpt>
      <trkpt lat="45.0144919" lon="3.0000002">
        <time>2077-09-27T20:36:06.000Z</time>
      </trkpt>
      <trkpt lat="45.0145167" lon="3.0000002">
        <time>2077-09-27T20:36:07.000Z</time>
      </trkpt>
      <trkpt lat="45.0145442" lon="3.0000002">
        <time>2077-09-27T20:36:08.000Z</time>
      </trkpt>
      <trkpt lat="45.0145693" lon="3.0000002">
        <time>2077-09-27T20:36:09.000Z</time>
      </trkpt>
      <trkpt lat="45.0145931" lon="3.0000002">
        <time>2077-09-27T20:36:10.000Z</time>
      </trkpt>
      <trkpt lat="45.0146205" lon="3.0000002">
        <time>2077-09-27T20:36:11.000Z</time>
      </trkpt>
      <trkpt lat="45.0146481" lon="3.0000002">
        <time>2077-09-27T20:36:12.000Z</time>
      </trkpt>
      <trkpt lat="45.0146758" lon="3.0000002">
        <time>2077-09-27T20:36:13.000Z</time>
      </trkpt>
      <trkpt lat="45.0146997" lon="3.0000002">
        <time>2077-09-27T20:36:14.000Z</time>
      </trkpt>
      <trkpt lat="45.0147242" lon="3.0000002">
        <time>2077-09-27T20:36:15.000Z</time>
      </trkpt>
      <trkpt lat="45.0147481" lon="3.0000002">
        <time>2077-09-27T20:36:16.000Z</time>
      </trkpt>
      <trkpt lat="45.0147745" lon="3.0000002">
        <time>2077-09-27T20:36:17.000Z</time>
      </trkpt>
      <trkpt lat="45.0148022" lon="3.0000002">
        <time>2077-09-27T20:36:18.000Z</time>
      </trkpt>
      <trkpt lat="45.0148265" lon="3.0000002">
        <time>2077-09-27T20:36:19.000Z</time>
      </trkpt>
      <trkpt lat="45.0148533" lon="3.0000003">
        <time>2077-09-27T20:36:20.000Z</time>
      </trkpt>
      <trkpt lat="45.0148791" lon="3.0000002">
        <time>2077-09-27T20:36:21.000Z</time>
      </trkpt>
      <trkpt lat="45.0149058" lon="3.0000002">
        <time>2077-09-27T20:36:22.000Z</time>
      </trkpt>
      <trkpt lat="45.0149328" lon="3.0000002">
        <time>2077-09-27T20:36:23.000Z</time>
      </trkpt>
      <trkpt lat="45.0149590" lon="3.0000003">
        <time>2077-09-27T20:36:24.000Z</time>
      </trkpt>
      <trkpt lat="45.0149864" lon="3.0000002">
        <time>2077-09-27T20:36:25.000Z</time>
      </trkpt>
      <trkpt lat="45.0150106" lon="3.0000003">
        <time>2077-09-27T20:36:26.000Z</time>
      </trkpt>
      <trkpt lat="45.0150357" lon="3.0000002">
        <time>2077-09-27T20:36:27.000Z</time>
      </trkpt>
      <trkpt lat="45.0150593" lon="3.0000002">
        <time>2077-09-27T20:36:28.000Z</time>
      </trkpt>
      <trkpt lat="45.0150832" lon="3.0000002">
        <time>2077-09-27T20:36:29.000Z</time>
      </trkpt>
      <trkpt lat="45.0151070" lon="3.0000002">
        <time>2077-09-27T20:36:30.000Z</time>
      </trkpt>
      <trkpt lat="45.0151327" lon="3.0000002">
        <time>2077-09-27T20:36:31.000Z</time>
      </trkpt>
      <trkpt lat="45.0151573" lon="3.0000002">
        <time>2077-09-27T20:36:32.000Z</time>
      </trkpt>
      <trkpt lat="45.0151845" lon="3.0000002">
        <time>2077-09-27T20:36:33.000Z</time>
      </trkpt>
      <trkpt lat="45.0152112" lon="3.0000002">
        <time>2077-09-27T20:36:34.000Z</time>
      </trkpt>
      <trkpt lat="45.0152384" lon="3.0000002">
        <time>2077-09-27T20:36:35.000Z</time>
      </trkpt>
      <trkpt lat="45.0152640" lon="3.0000002">
        <time>2077-09-27T20:36:36.000Z</time>
      </trkpt>
      <trkpt lat="45.0152890" lon="3.0000002">
        <time>2077-09-27T20:36:37.000Z</time>
      </trkpt>
      <trkpt lat="45.0153143" lon="3.0000002">
        <time>2077-09-27T20:36:38.000Z</time>
      </trkpt>
      <trkpt lat="45.0153391" lon="3.0000002">
        <time>2077-09-27T20:36:39.000Z</time>
      </trkpt>
      <trkpt lat="45.0153667" lon="3.0000002">
        <time>2077-09-27T20:36:40.000Z</time>
      </trkpt>
      <trkpt lat="45.0153944" lon="3.0000002">
        <time>2077-09-27T20:36:41.000Z</time>
      </trkpt>
      <trkpt lat="45.0154220" lon="3.0000002">
        <time>2077-09-27T20:36:42.000Z</time>
      </trkpt>
      <trkpt lat="45.0154481" lon="3.0000002">
        <time>2077-09-27T20:36:43.000Z</time>
      </trkpt>
      <trkpt lat="45.0154727" lon="3.0000002">
        <time>2077-09-27T20:36:44.000Z</time>
      </trkpt>
      <trkpt lat="45.0154969" lon="3.0000002">
        <time>2077-09-27T20:36:45.000Z</time>
      </trkpt>
      <trkpt lat="45.0155208" lon="3.0000002">
        <time>2077-09-27T20:36:46.000Z</time>
      </trkpt>
      <trkpt lat="45.0155467" lon="3.0000002">
        <time>2077-09-27T20:36:47.000Z</time>
      </trkpt>
      <trkpt lat="45.0155729" lon="3.0000002">
        <time>2077-09-27T20:36:48.000Z</time>
      </trkpt>
      <trkpt lat="45.0155987" lon="3.0000002">
        <time>2077-09-27T20:36:49.000Z</time>
      </trkpt>
      <trkpt lat="45.0156227" lon="3.0000002">
        <time>2077-09-27T20:36:50.000Z</time>
      </trkpt>
      <trkpt lat="45.0156466" lon="3.0000002">
        <time>2077-09-27T20:36:51.000Z</time>
      </trkpt>
      <trkpt lat="45.0156726" lon="3.0000002">
        <time>2077-09-27T20:36:52.000Z</time>
      </trkpt>
      <trkpt lat="45.0157003" lon="3.0000002">
        <time>2077-09-27T20:36:53.000Z</time>
      </trkpt>
      <trkpt lat="45.0157270" lon="3.0000002">
        <time>2077-09-27T20:36:54.000Z</time>
      </trkpt>
      <trkpt lat="45.0157523" lon="3.0000002">
        <time>2077-09-27T20:36:55.000Z</time>
      </trkpt>
      <trkpt lat="45.0157776" lon="3.0000002">
        <time>2077-09-27T20:36:56.000Z</time>
      </trkpt>
      <trkpt lat="45.0158042" lon="3.0000002">
        <time>2077-09-27T20:36:57.000Z</time>
      </trkpt>
      <trkpt lat="45.0158293" lon="3.0000002">
        <time>2077-09-27T20:36:58.000Z</time>
      </trkpt>
      <trkpt lat="45.0158547" lon="3.0000002">
        <time>2077-09-27T20:36:59.000Z</time>
      </trkpt>
      <trkpt lat="45.0158817" lon="3.0000002">
        <time>2077-09-27T20:37:00.000Z</time>
      </trkpt>
      <trkpt lat="45.0159095" lon="3.0000002">
        <time>2077-09-27T20:37:01.000Z</time>
      </trkpt>
      <trkpt lat="45.0159371" lon="3.0000002">
        <time>2077-09-27T20:37:02.000Z</time>
      </trkpt>
      <trkpt lat="45.0159617" lon="3.0000002">
        <time>2077-09-27T20:37:03.000Z</time>
      </trkpt>
      <trkpt lat="45.0159892" lon="3.0000002">
        <time>2077-09-27T20:37:04.000Z</time>
      </trkpt>
      <trkpt lat="45.0160145" lon="3.0000002">
        <time>2077-09-27T20:37:05.000Z</time>
      </trkpt>
      <trkpt lat="45.0160389" lon="3.0000002">
        <time>2077-09-27T20:37:06.000Z</time>
      </trkpt>
      <trkpt lat="45.0160631" lon="3.0000002">
        <time>2077-09-27T20:37:07.000Z</time>
      </trkpt>
      <trkpt lat="45.0160868" lon="3.0000002">
        <time>2077-09-27T20:37:08.000Z</time>
      </trkpt>
      <trkpt lat="45.0161119" lon="3.0000002">
        <time>2077-09-27T20:37:09.000Z</time>
      </trkpt>
      <trkpt lat="45.0161397" lon="3.0000002">
        <time>2077-09-27T20:37:10.000Z</time>
      </trkpt>
      <trkpt lat="45.0161634" lon="3.0000002">
        <time>2077-09-27T20:37:11.000Z</time>
      </trkpt>
      <trkpt lat="45.0161905" lon="3.0000002">
        <time>2077-09-27T20:37:12.000Z</time>
      </trkpt>
      <trkpt lat="45.0162147" lon="3.0000002">
        <time>2077-09-27T20:37:13.000Z</time>
      </trkpt>
      <trkpt lat="45.0162422" lon="3.0000002">
        <time>2077-09-27T20:37:14.000Z</time>
      </trkpt>
      <trkpt lat="45.0162671" lon="3.0000002">
        <time>2077-09-27T20:37:15.000Z</time>
      </trkpt>
      <trkpt lat="45.0162932" lon="3.0000002">
        <time>2077-09-27T20:37:16.000Z</time>
      </trkpt>
      <trkpt lat="45.0163181" lon="3.0000002">
        <time>2077-09-27T20:37:17.000Z</time>
      </trkpt>
      <trkpt lat="45.0163425" lon="3.0000002">
        <time>2077-09-27T20:37:18.000Z</time>
      </trkpt>
      <trkpt lat="45.0163680" lon="3.0000002">
        <time>2077-09-27T20:37:19.000Z</time>
      </trkpt>
      <trkpt lat="45.0163924" lon="3.0000002">
        <time>2077-09-27T20:37:20.000Z</time>
      </trkpt>
      <trkpt lat="45.0164187" lon="3.0000002">
        <time>2077-09-27T20:37:21.000Z</time>
      </trkpt>
      <trkpt lat="45.0164443" lon="3.0000002">
        <time>2077-09-27T20:37:22.000Z</time>
      </trkpt>
      <trkpt lat="45.0164718" lon="3.0000002">
        <time>2077-09-27T20:37:23.000Z</time>
      </trkpt>
      <trkpt lat="45.0164955" lon="3.0000002">
        <time>2077-09-27T20:37:24.000Z</time>
      </trkpt>
      <trkpt lat="45.0165211" lon="3.0000002">
        <time>2077-09-27T20:37:25.000Z</time>
      </trkpt>
      <trkpt lat="45.0165478" lon="3.0000002">
        <time>2077-09-27T20:37:26.000Z</time>
      </trkpt>
      <trkpt lat="45.0165751" lon="3.0000002">
        <time>2077-09-27T20:37:27.000Z</time>
      </trkpt>
      <trkpt lat="45.0166025" lon="3.0000002">
        <time>2077-09-27T20:37:28.000Z</time>
      </trkpt>
      <trkpt lat="45.0166294" lon="3.0000002">
        <time>2077-09-27T20:37:29.000Z</time>
      </trkpt>
      <trkpt lat="45.0166548" lon="3.0000001">
        <time>2077-09-27T20:37:30.000Z</time>
      </trkpt>
      <trkpt lat="45.0166801" lon="3.0000001">
        <time>2077-09-27T20:37:31.000Z</time>
      </trkpt>
      <trkpt lat="45.0167054" lon="3.0000002">
        <time>2077-09-27T20:37:32.000Z</time>
      </trkpt>
      <trkpt lat="45.0167324" lon="3.0000002">
        <time>2077-09-27T20:37:33.000Z</time>
      </trkpt>
      <trkpt lat="45.0167566" lon="3.0000002">
        <time>2077-09-27T20:37:34.000Z</time>
      </trkpt>
      <trkpt lat="45.0167832" lon="3.0000001">
        <time>2077-09-27T20:37:35.000Z</time>
      </trkpt>
      <trkpt lat="45.0168106" lon="3.0000002">
        <time>2077-09-27T20:37:36.000Z</time>
      </trkpt>
      <trkpt lat="45.0168383" lon="3.0000002">
        <time>2077-09-27T20:37:37.000Z</time>
      </trkpt>
      <trkpt lat="45.0168628" lon="3.0000002">
        <time>2077-09-27T20:37:38.000Z</time>
      </trkpt>
      <trkpt lat="45.0168876" lon="3.0000002">
        <time>2077-09-27T20:37:39.000Z</time>
      </trkpt>
      <trkpt lat="45.0169124" lon="3.0000001">
        <time>2077-09-27T20:37:40.000Z</time>
      </trkpt>
      <trkpt lat="45.0169383" lon="3.0000001">
        <time>2077-09-27T20:37:41.000Z</time>
      </trkpt>
      <trkpt lat="45.0169652" lon="3.0000001">
        <time>2077-09-27T20:37:42.000Z</time>
      </trkpt>
      <trkpt lat="45.0169918" lon="3.0000001">
        <time>2077-09-27T20:37:43.000Z</time>
      </trkpt>
      <trkpt lat="45.0170181" lon="3.0000001">
        <time>2077-09-27T20:37:44.000Z</time>
      </trkpt>
      <trkpt lat="45.0170459" lon="3.0000002">
        <time>2077-09-27T20:37:45.000Z</time>
      </trkpt>
      <trkpt lat="45.0170697" lon="3.0000002">
        <time>2077-09-27T20:37:46.000Z</time>
      </trkpt>
      <trkpt lat="45.0170975" lon="3.0000002">
        <time>2077-09-27T20:37:47.000Z</time>
      </trkpt>
      <trkpt lat="45.0171246" lon="3.0000002">
        <time>2077-09-27T20:37:48.000Z</time>
      </trkpt>
      <trkpt lat="45.0171494" lon="3.0000002">
        <time>2077-09-27T20:37:49.000Z</time>
      </trkpt>
      <trkpt lat="45.0171737" lon="3.0000002">
        <time>2077-09-27T20:37:50.000Z</time>
      </trkpt>
      <trkpt lat="45.0171977" lon="3.0000002">
        <time>2077-09-27T20:37:51.000Z</time>
      </trkpt>
      <trkpt lat="45.0172254" lon="3.0000002">
        <time>2077-09-27T20:37:52.000Z</time>
      </trkpt>
      <trkpt lat="45.0172491" lon="3.0000002">
        <time>2077-09-27T20:37:53.000Z</time>
      </trkpt>
      <trkpt lat="45.0172749" lon="3.0000002">
        <time>2077-09-27T20:37:54.000Z</time>
      </trkpt>
      <trkpt lat="45.0172997" lon="3.0000002">
        <time>2077-09-27T20:37:55.000Z</time>
      </trkpt>
      <trkpt lat="45.0173254" lon="3.0000002">
        <time>2077-09-27T20:37:56.000Z</time>
      </trkpt>
      <trkpt lat="45.0173493" lon="3.0000002">
        <time>2077-09-27T20:37:57.000Z</time>
      </trkpt>
      <trkpt lat="45.0173749" lon="3.0000002">
        <time>2077-09-27T20:37:58.000Z</time>
      </trkpt>
      <trkpt lat="45.0173985" lon="3.0000002">
        <time>2077-09-27T20:37:59.000Z</time>
      </trkpt>
      <trkpt lat="45.0174264" lon="3.0000002">
        <time>2077-09-27T20:38:00.000Z</time>
      </trkpt>
      <trkpt lat="45.0174535" lon="3.0000002">
        <time>2077-09-27T20:38:01.000Z</time>
      </trkpt>
      <trkpt lat="45.0174786" lon="3.0000002">
        <time>2077-09-27T20:38:02.000Z</time>
      </trkpt>
      <trkpt lat="45.0175039" lon="3.0000002">
        <time>2077-09-27T20:38:03.000Z</time>
      </trkpt>
      <trkpt lat="45.0175285" lon="3.0000002">
        <time>2077-09-27T20:38:04.000Z</time>
      </trkpt>
      <trkpt lat="45.0175542" lon="3.0000002">
        <time>2077-09-27T20:38:05.000Z</time>
      </trkpt>
      <trkpt lat="45.0175817" lon="3.0000002">
        <time>2077-09-27T20:38:06.000Z</time>
      </trkpt>
      <trkpt lat="45.0176052" lon="3.0000002">
        <time>2077-09-27T20:38:07.000Z</time>
      </trkpt>
      <trkpt lat="45.0176299" lon="3.0000002">
        <time>2077-09-27T20:38:08.000Z</time>
      </trkpt>
      <trkpt lat="45.0176568" lon="3.0000002">
        <time>2077-09-27T20:38:09.000Z</time>
      </trkpt>
      <trkpt lat="45.0176823" lon="3.0000002">
        <time>2077-09-27T20:38:10.000Z</time>
      </trkpt>
      <trkpt lat="45.0177066" lon="3.0000002">
        <time>2077-09-27T20:38:11.000Z</time>
      </trkpt>
      <trkpt lat="45.0177340" lon="3.0000002">
        <time>2077-09-27T20:38:12.000Z</time>
      </trkpt>
      <trkpt lat="45.0177595" lon="3.0000002">
        <time>2077-09-27T20:38:13.000Z</time>
      </trkpt>
      <trkpt lat="45.0177856" lon="3.0000002">
        <time>2077-09-27T20:38:14.000Z</time>
      </trkpt>
      <trkpt lat="45.0178092" lon="3.0000002">
        <time>2077-09-27T20:38:15.000Z</time>
      </trkpt>
      <trkpt lat="45.0178343" lon="3.0000002">
        <time>2077-09-27T20:38:16.000Z</time>
      </trkpt>
      <trkpt lat="45.0178594" lon="3.0000001">
        <time>2077-09-27T20:38:17.000Z</time>
      </trkpt>
      <trkpt lat="45.0178856" lon="3.0000001">
        <time>2077-09-27T20:38:18.000Z</time>
      </trkpt>
      <trkpt lat="45.0179103" lon="3.0000001">
        <time>2077-09-27T20:38:19.000Z</time>
      </trkpt>
      <trkpt lat="45.0179382" lon="3.0000001">
        <time>2077-09-27T20:38:20.000Z</time>
      </trkpt>
      <trkpt lat="45.0179634" lon="3.0000001">
        <time>2077-09-27T20:38:21.000Z</time>
      </trkpt>
      <trkpt lat="45.0179896" lon="3.0000001">
        <time>2077-09-27T20:38:22.000Z</time>
      </trkpt>
      <trkpt lat="45.0180150" lon="3.0000001">
        <time>2077-09-27T20:38:23.000Z</time>
      </trkpt>
      <trkpt lat="45.0180422" lon="3.0000001">
        <time>2077-09-27T20:38:24.000Z</time>
      </trkpt>
      <trkpt lat="45.0180701" lon="3.0000001">
        <time>2077-09-27T20:38:25.000Z</time>
      </trkpt>
      <trkpt lat="45.0180968" lon="3.0000001">
        <time>2077-09-27T20:38:26.000Z</time>
      </trkpt>
      <trkpt lat="45.0181236" lon="3.0000001">
        <time>2077-09-27T20:38:27.000Z</time>
      </trkpt>
      <trkpt lat="45.0181488" lon="3.0000002">
        <time>2077-09-27T20:38:28.000Z</time>
      </trkpt>
      <trkpt lat="45.0181750" lon="3.0000001">
        <time>2077-09-27T20:38:29.000Z</time>
      </trkpt>
      <trkpt lat="45.0181985" lon="3.0000001">
        <time>2077-09-27T20:38:30.000Z</time>
      </trkpt>
      <trkpt lat="45.0182237" lon="3.0000001">
        <time>2077-09-27T20:38:31.000Z</time>
      </trkpt>
      <trkpt lat="45.0182476" lon="3.0000001">
        <time>2077-09-27T20:38:32.000Z</time>
      </trkpt>
      <trkpt lat="45.0182753" lon="3.0000001">
        <time>2077-09-27T20:38:33.000Z</time>
      </trkpt>
      <trkpt lat="45.0183011" lon="3.0000001">
        <time>2077-09-27T20:38:34.000Z</time>
      </trkpt>
      <trkpt lat="45.0183284" lon="3.0000001">
        <time>2077-09-27T20:38:35.000Z</time>
      </trkpt>
      <trkpt lat="45.0183544" lon="3.0000001">
        <time>2077-09-27T20:38:36.000Z</time>
      </trkpt>
      <trkpt lat="45.0183786" lon="3.0000001">
        <time>2077-09-27T20:38:37.000Z</time>
      </trkpt>
      <trkpt lat="45.0184045" lon="3.0000001">
        <time>2077-09-27T20:38:38.000Z</time>
      </trkpt>
      <trkpt lat="45.0184293" lon="3.0000001">
        <time>2077-09-27T20:38:39.000Z</time>
      </trkpt>
      <trkpt lat="45.0184529" lon="3.0000001">
        <time>2077-09-27T20:38:40.000Z</time>
      </trkpt>
      <trkpt lat="45.0184804" lon="3.0000001">
        <time>2077-09-27T20:38:41.000Z</time>
      </trkpt>
      <trkpt lat="45.0185077" lon="3.0000001">
        <time>2077-09-27T20:38:42.000Z</time>
      </trkpt>
      <trkpt lat="45.0185312" lon="3.0000001">
        <time>2077-09-27T20:38:43.000Z</time>
      </trkpt>
      <trkpt lat="45.0185574" lon="3.0000001">
        <time>2077-09-27T20:38:44.000Z</time>
      </trkpt>
      <trkpt lat="45.0185820" lon="3.0000001">
        <time>2077-09-27T20:38:45.000Z</time>
      </trkpt>
      <trkpt lat="45.0186076" lon="3.0000001">
        <time>2077-09-27T20:38:46.000Z</time>
      </trkpt>
      <trkpt lat="45.0186324" lon="3.0000001">
        <time>2077-09-27T20:38:47.000Z</time>
      </trkpt>
      <trkpt lat="45.0186588" lon="3.0000001">
        <time>2077-09-27T20:38:48.000Z</time>
      </trkpt>
      <trkpt lat="45.0186859" lon="3.0000001">
        <time>2077-09-27T20:38:49.000Z</time>
      </trkpt>
      <trkpt lat="45.0187130" lon="3.0000001">
        <time>2077-09-27T20:38:50.000Z</time>
      </trkpt>
      <trkpt lat="45.0187401" lon="3.0000001">
        <time>2077-09-27T20:38:51.000Z</time>
      </trkpt>
      <trkpt lat="45.0187659" lon="3.0000001">
        <time>2077-09-27T20:38:52.000Z</time>
      </trkpt>
      <trkpt lat="45.0187923" lon="3.0000001">
        <time>2077-09-27T20:38:53.000Z</time>
      </trkpt>
      <trkpt lat="45.0188173" lon="3.0000001">
        <time>2077-09-27T20:38:54.000Z</time>
      </trkpt>
      <trkpt lat="45.0188440" lon="3.0000001">
        <time>2077-09-27T20:38:55.000Z</time>
      </trkpt>
      <trkpt lat="45.0188715" lon="3.0000001">
        <time>2077-09-27T20:38:56.000Z</time>
      </trkpt>
      <trkpt lat="45.0188962" lon="3.0000001">
        <time>2077-09-27T20:38:57.000Z</time>
      </trkpt>
      <trkpt lat="45.0189219" lon="3.0000001">
        <time>2077-09-27T20:38:58.000Z</time>
      </trkpt>
      <trkpt lat="45.0189488" lon="3.0000001">
        <time>2077-09-27T20:38:59.000Z</time>
      </trkpt>
      <trkpt lat="45.0189761" lon="3.0000001">
        <time>2077-09-27T20:39:00.000Z</time>
      </trkpt>
      <trkpt lat="45.0190018" lon="3.0000001">
        <time>2077-09-27T20:39:01.000Z</time>
      </trkpt>
      <trkpt lat="45.0190261" lon="3.0000001">
        <time>2077-09-27T20:39:02.000Z</time>
      </trkpt>
      <trkpt lat="45.0190508" lon="3.0000001">
        <time>2077-09-27T20:39:03.000Z</time>
      </trkpt>
      <trkpt lat="45.0190765" lon="3.0000001">
        <time>2077-09-27T20:39:04.000Z</time>
      </trkpt>
      <trkpt lat="45.0191027" lon="3.0000001">
        <time>2077-09-27T20:39:05.000Z</time>
      </trkpt>
      <trkpt lat="45.0191304" lon="3.0000001">
        <time>2077-09-27T20:39:06.000Z</time>
      </trkpt>
      <trkpt lat="45.0191573" lon="3.0000001">
        <time>2077-09-27T20:39:07.000Z</time>
      </trkpt>
      <trkpt lat="45.0191834" lon="3.0000001">
        <time>2077-09-27T20:39:08.000Z</time>
      </trkpt>
      <trkpt lat="45.0192087" lon="3.0000000">
        <time>2077-09-27T20:39:09.000Z</time>
      </trkpt>
      <trkpt lat="45.0192329" lon="3.0000000">
        <time>2077-09-27T20:39:10.000Z</time>
      </trkpt>
      <trkpt lat="45.0192606" lon="3.0000001">
        <time>2077-09-27T20:39:11.000Z</time>
      </trkpt>
      <trkpt lat="45.0192848" lon="3.0000001">
        <time>2077-09-27T20:39:12.000Z</time>
      </trkpt>
      <trkpt lat="45.0193098" lon="3.0000001">
        <time>2077-09-27T20:39:13.000Z</time>
      </trkpt>
      <trkpt lat="45.0193375" lon="3.0000001">
        <time>2077-09-27T20:39:14.000Z</time>
      </trkpt>
      <trkpt lat="45.0193652" lon="3.0000001">
        <time>2077-09-27T20:39:15.000Z</time>
      </trkpt>
      <trkpt lat="45.0193924" lon="3.0000001">
        <time>2077-09-27T20:39:16.000Z</time>
      </trkpt>
      <trkpt lat="45.0194204" lon="3.0000001">
        <time>2077-09-27T20:39:17.000Z</time>
      </trkpt>
      <trkpt lat="45.0194443" lon="3.0000000">
        <time>2077-09-27T20:39:18.000Z</time>
      </trkpt>
      <trkpt lat="45.0194709" lon="3.0000000">
        <time>2077-09-27T20:39:19.000Z</time>
      </trkpt>
      <trkpt lat="45.0194981" lon="3.0000000">
        <time>2077-09-27T20:39:20.000Z</time>
      </trkpt>
      <trkpt lat="45.0195245" lon="3.0000000">
        <time>2077-09-27T20:39:21.000Z</time>
      </trkpt>
      <trkpt lat="45.0195505" lon="3.0000000">
        <time>2077-09-27T20:39:22.000Z</time>
      </trkpt>
      <trkpt lat="45.0195778" lon="3.0000000">
        <time>2077-09-27T20:39:23.000Z</time>
      </trkpt>
      <trkpt lat="45.0196052" lon="3.0000000">
        <time>2077-09-27T20:39:24.000Z</time>
      </trkpt>
      <trkpt lat="45.0196317" lon="3.0000000">
        <time>2077-09-27T20:39:25.000Z</time>
      </trkpt>
      <trkpt lat="45.0196557" lon="3.0000000">
        <time>2077-09-27T20:39:26.000Z</time>
      </trkpt>
      <trkpt lat="45.0196818" lon="3.0000000">
        <time>2077-09-27T20:39:27.000Z</time>
      </trkpt>
      <trkpt lat="45.0197092" lon="3.0000000">
        <time>2077-09-27T20:39:28.000Z</time>
      </trkpt>
      <trkpt lat="45.0197351" lon="3.0000000">
        <time>2077-09-27T20:39:29.000Z</time>
      </trkpt>
      <trkpt lat="45.0197624" lon="3.0000000">
        <time>2077-09-27T20:39:30.000Z</time>
      </trkpt>
      <trkpt lat="45.0197868" lon="3.0000001">
        <time>2077-09-27T20:39:31.000Z</time>
      </trkpt>
      <trkpt lat="45.0198143" lon="3.0000001">
        <time>2077-09-27T20:39:32.000Z</time>
      </trkpt>
      <trkpt lat="45.0198388" lon="3.0000001">
        <time>2077-09-27T20:39:33.000Z</time>
      </trkpt>
      <trkpt lat="45.0198650" lon="3.0000001">
        <time>2077-09-27T20:39:34.000Z</time>
      </trkpt>
      <trkpt lat="45.0198928" lon="3.0000000">
        <time>2077-09-27T20:39:35.000Z</time>
      </trkpt>
      <trkpt lat="45.0199194" lon="3.0000000">
        <time>2077-09-27T20:39:36.000Z</time>
      </trkpt>
      <trkpt lat="45.0199471" lon="3.0000000">
        <time>2077-09-27T20:39:37.000Z</time>
      </trkpt>
      <trkpt lat="45.0199715" lon="3.0000000">
        <time>2077-09-27T20:39:38.000Z</time>
      </trkpt>
      <trkpt lat="45.0199991" lon="3.0000001">
        <time>2077-09-27T20:39:39.000Z</time>
      </trkpt>
      <trkpt lat="45.0200247" lon="3.0000000">
        <time>2077-09-27T20:39:40.000Z</time>
      </trkpt>
      <trkpt lat="45.0200484" lon="3.0000000">
        <time>2077-09-27T20:39:41.000Z</time>
      </trkpt>
      <trkpt lat="45.0200721" lon="3.0000000">
        <time>2077-09-27T20:39:42.000Z</time>
      </trkpt>
      <trkpt lat="45.0200976" lon="3.0000000">
        <time>2077-09-27T20:39:43.000Z</time>
      </trkpt>
      <trkpt lat="45.0201252" lon="3.0000000">
        <time>2077-09-27T20:39:44.000Z</time>
      </trkpt>
      <trkpt lat="45.0201520" lon="3.0000000">
        <time>2077-09-27T20:39:45.000Z</time>
      </trkpt>
      <trkpt lat="45.0201767" lon="3.0000000">
        <time>2077-09-27T20:39:46.000Z</time>
      </trkpt>
      <trkpt lat="45.0202003" lon="3.0000001">
        <time>2077-09-27T20:39:47.000Z</time>
      </trkpt>
      <trkpt lat="45.0202278" lon="3.0000001">
        <time>2077-09-27T20:39:48.000Z</time>
      </trkpt>
      <trkpt lat="45.0202516" lon="3.0000001">
        <time>2077-09-27T20:39:49.000Z</time>
      </trkpt>
      <trkpt lat="45.0202752" lon="3.0000001">
        <time>2077-09-27T20:39:50.000Z</time>
      </trkpt>
      <trkpt lat="45.0203031" lon="3.0000001">
        <time>2077-09-27T20:39:51.000Z</time>
      </trkpt>
      <trkpt lat="45.0203308" lon="3.0000001">
        <time>2077-09-27T20:39:52.000Z</time>
      </trkpt>
      <trkpt lat="45.0203573" lon="3.0000000">
        <time>2077-09-27T20:39:53.000Z</time>
      </trkpt>
      <trkpt lat="45.0203818" lon="3.0000000">
        <time>2077-09-27T20:39:54.000Z</time>
      </trkpt>
      <trkpt lat="45.0204095" lon="3.0000000">
        <time>2077-09-27T20:39:55.000Z</time>
      </trkpt>
      <trkpt lat="45.0204348" lon="3.0000000">
        <time>2077-09-27T20:39:56.000Z</time>
      </trkpt>
      <trkpt lat="45.0204612" lon="3.0000000">
        <time>2077-09-27T20:39:57.000Z</time>
      </trkpt>
      <trkpt lat="45.0204868" lon="3.0000001">
        <time>2077-09-27T20:39:58.000Z</time>
      </trkpt>
      <trkpt lat="45.0205123" lon="3.0000001">
        <time>2077-09-27T20:39:59.000Z</time>
      </trkpt>
      <trkpt lat="45.0205392" lon="3.0000000">
        <time>2077-09-27T20:40:00.000Z</time>
      </trkpt>
      <trkpt lat="45.0205638" lon="3.0000001">
        <time>2077-09-27T20:40:01.000Z</time>
      </trkpt>
      <trkpt lat="45.0205897" lon="3.0000000">
        <time>2077-09-27T20:40:02.000Z</time>
      </trkpt>
      <trkpt lat="45.0206156" lon="3.0000001">
        <time>2077-09-27T20:40:03.000Z</time>
      </trkpt>
      <trkpt lat="45.0206408" lon="3.0000001">
        <time>2077-09-27T20:40:04.000Z</time>
      </trkpt>
      <trkpt lat="45.0206655" lon="3.0000001">
        <time>2077-09-27T20:40:05.000Z</time>
      </trkpt>
      <trkpt lat="45.0206927" lon="3.0000000">
        <time>2077-09-27T20:40:06.000Z</time>
      </trkpt>
      <trkpt lat="45.0207179" lon="3.0000000">
        <time>2077-09-27T20:40:07.000Z</time>
      </trkpt>
      <trkpt lat="45.0207427" lon="3.0000000">
        <time>2077-09-27T20:40:08.000Z</time>
      </trkpt>
      <trkpt lat="45.0207688" lon="3.0000000">
        <time>2077-09-27T20:40:09.000Z</time>
      </trkpt>
      <trkpt lat="45.0207931" lon="3.0000001">
        <time>2077-09-27T20:40:10.000Z</time>
      </trkpt>
      <trkpt lat="45.0208178" lon="3.0000001">
        <time>2077-09-27T20:40:11.000Z</time>
      </trkpt>
      <trkpt lat="45.0208423" lon="3.0000000">
        <time>2077-09-27T20:40:12.000Z</time>
      </trkpt>
      <trkpt lat="45.0208659" lon="3.0000000">
        <time>2077-09-27T20:40:13.000Z</time>
      </trkpt>
      <trkpt lat="45.0208921" lon="3.0000001">
        <time>2077-09-27T20:40:14.000Z</time>
      </trkpt>
      <trkpt lat="45.0209194" lon="3.0000001">
        <time>2077-09-27T20:40:15.000Z</time>
      </trkpt>
      <trkpt lat="45.0209443" lon="3.0000001">
        <time>2077-09-27T20:40:16.000Z</time>
      </trkpt>
      <trkpt lat="45.0209707" lon="3.0000001">
        <time>2077-09-27T20:40:17.000Z</time>
      </trkpt>
      <trkpt lat="45.0209980" lon="3.0000000">
        <time>2077-09-27T20:40:18.000Z</time>
      </trkpt>
      <trkpt lat="45.0210259" lon="3.0000000">
        <time>2077-09-27T20:40:19.000Z</time>
      </trkpt>
      <trkpt lat="45.0210525" lon="3.0000000">
        <time>2077-09-27T20:40:20.000Z</time>
      </trkpt>
      <trkpt lat="45.0210790" lon="3.0000000">
        <time>2077-09-27T20:40:21.000Z</time>
      </trkpt>
      <trkpt lat="45.0211044" lon="3.0000000">
        <time>2077-09-27T20:40:22.000Z</time>
      </trkpt>
      <trkpt lat="45.0211293" lon="3.0000000">
        <time>2077-09-27T20:40:23.000Z</time>
      </trkpt>
      <trkpt lat="45.0211570" lon="3.0000000">
        <time>2077-09-27T20:40:24.000Z</time>
      </trkpt>
      <trkpt lat="45.0211815" lon="3.0000000">
        <time>2077-09-27T20:40:25.000Z</time>
      </trkpt>
      <trkpt lat="45.0212092" lon="3.0000001">
        <time>2077-09-27T20:40:26.000Z</time>
      </trkpt>
      <trkpt lat="45.0212360" lon="3.0000000">
        <time>2077-09-27T20:40:27.000Z</time>
      </trkpt>
      <trkpt lat="45.0212610" lon="3.0000001">
        <time>2077-09-27T20:40:28.000Z</time>
      </trkpt>
      <trkpt lat="45.0212851" lon="3.0000001">
        <time>2077-09-27T20:40:29.000Z</time>
      </trkpt>
      <trkpt lat="45.0213089" lon="3.0000001">
        <time>2077-09-27T20:40:30.000Z</time>
      </trkpt>
      <trkpt lat="45.0213331" lon="3.0000001">
        <time>2077-09-27T20:40:31.000Z</time>
      </trkpt>
      <trkpt lat="45.0213589" lon="3.0000001">
        <time>2077-09-27T20:40:32.000Z</time>
      </trkpt>
      <trkpt lat="45.0213861" lon="3.0000001">
        <time>2077-09-27T20:40:33.000Z</time>
      </trkpt>
      <trkpt lat="45.0214141" lon="3.0000001">
        <time>2077-09-27T20:40:34.000Z</time>
      </trkpt>
      <trkpt lat="45.0214402" lon="3.0000001">
        <time>2077-09-27T20:40:35.000Z</time>
      </trkpt>
      <trkpt lat="45.0214672" lon="3.0000001">
        <time>2077-09-27T20:40:36.000Z</time>
      </trkpt>
      <trkpt lat="45.0214931" lon="3.0000001">
        <time>2077-09-27T20:40:37.000Z</time>
      </trkpt>
      <trkpt lat="45.0215189" lon="3.0000001">
        <time>2077-09-27T20:40:38.000Z</time>
      </trkpt>
      <trkpt lat="45.0215430" lon="3.0000001">
        <time>2077-09-27T20:40:39.000Z</time>
      </trkpt>
      <trkpt lat="45.0215687" lon="3.0000001">
        <time>2077-09-27T20:40:40.000Z</time>
      </trkpt>
      <trkpt lat="45.0215948" lon="3.0000001">
        <time>2077-09-27T20:40:41.000Z</time>
      </trkpt>
      <trkpt lat="45.0216227" lon="3.0000001">
        <time>2077-09-27T20:40:42.000Z</time>
      </trkpt>
      <trkpt lat="45.0216492" lon="3.0000001">
        <time>2077-09-27T20:40:43.000Z</time>
      </trkpt>
      <trkpt lat="45.0216739" lon="3.0000001">
        <time>2077-09-27T20:40:44.000Z</time>
      </trkpt>
      <trkpt lat="45.0216998" lon="3.0000001">
        <time>2077-09-27T20:40:45.000Z</time>
      </trkpt>
      <trkpt lat="45.0217250" lon="3.0000001">
        <time>2077-09-27T20:40:46.000Z</time>
      </trkpt>
      <trkpt lat="45.0217509" lon="3.0000001">
        <time>2077-09-27T20:40:47.000Z</time>
      </trkpt>
      <trkpt lat="45.0217756" lon="3.0000001">
        <time>2077-09-27T20:40:48.000Z</time>
      </trkpt>
      <trkpt lat="45.0218022" lon="3.0000001">
        <time>2077-09-27T20:40:49.000Z</time>
      </trkpt>
      <trkpt lat="45.0218300" lon="3.0000001">
        <time>2077-09-27T20:40:50.000Z</time>
      </trkpt>
      <trkpt lat="45.0218565" lon="3.0000001">
        <time>2077-09-27T20:40:51.000Z</time>
      </trkpt>
      <trkpt lat="45.0218809" lon="3.0000001">
        <time>2077-09-27T20:40:52.000Z</time>
      </trkpt>
      <trkpt lat="45.0219084" lon="3.0000001">
        <time>2077-09-27T20:40:53.000Z</time>
      </trkpt>
      <trkpt lat="45.0219342" lon="3.0000001">
        <time>2077-09-27T20:40:54.000Z</time>
      </trkpt>
      <trkpt lat="45.0219582" lon="3.0000001">
        <time>2077-09-27T20:40:55.000Z</time>
      </trkpt>
      <trkpt lat="45.0219851" lon="3.0000001">
        <time>2077-09-27T20:40:56.000Z</time>
      </trkpt>
      <trkpt lat="45.0220096" lon="3.0000001">
        <time>2077-09-27T20:40:57.000Z</time>
      </trkpt>
      <trkpt lat="45.0220352" lon="3.0000001">
        <time>2077-09-27T20:40:58.000Z</time>
      </trkpt>
      <trkpt lat="45.0220615" lon="3.0000001">
        <time>2077-09-27T20:40:59.000Z</time>
      </trkpt>
      <trkpt lat="45.0220886" lon="3.0000001">
        <time>2077-09-27T20:41:00.000Z</time>
      </trkpt>
      <trkpt lat="45.0221144" lon="3.0000001">
        <time>2077-09-27T20:41:01.000Z</time>
      </trkpt>
      <trkpt lat="45.0221406" lon="3.0000001">
        <time>2077-09-27T20:41:02.000Z</time>
      </trkpt>
      <trkpt lat="45.0221667" lon="3.0000001">
        <time>2077-09-27T20:41:03.000Z</time>
      </trkpt>
      <trkpt lat="45.0221910" lon="3.0000001">
        <time>2077-09-27T20:41:04.000Z</time>
      </trkpt>
      <trkpt lat="45.0222165" lon="3.0000001">
        <time>2077-09-27T20:41:05.000Z</time>
      </trkpt>
      <trkpt lat="45.0222442" lon="3.0000001">
        <time>2077-09-27T20:41:06.000Z</time>
      </trkpt>
      <trkpt lat="45.0222690" lon="3.0000001">
        <time>2077-09-27T20:41:07.000Z</time>
      </trkpt>
      <trkpt lat="45.0222967" lon="3.0000001">
        <time>2077-09-27T20:41:08.000Z</time>
      </trkpt>
      <trkpt lat="45.0223220" lon="3.0000001">
        <time>2077-09-27T20:41:09.000Z</time>
      </trkpt>
      <trkpt lat="45.0223476" lon="3.0000001">
        <time>2077-09-27T20:41:10.000Z</time>
      </trkpt>
      <trkpt lat="45.0223717" lon="3.0000001">
        <time>2077-09-27T20:41:11.000Z</time>
      </trkpt>
      <trkpt lat="45.0223983" lon="3.0000001">
        <time>2077-09-27T20:41:12.000Z</time>
      </trkpt>
      <trkpt lat="45.0224227" lon="3.0000001">
        <time>2077-09-27T20:41:13.000Z</time>
      </trkpt>
      <trkpt lat="45.0224478" lon="3.0000001">
        <time>2077-09-27T20:41:14.000Z</time>
      </trkpt>
      <trkpt lat="45.0224754" lon="3.0000001">
        <time>2077-09-27T20:41:15.000Z</time>
      </trkpt>
      <trkpt lat="45.0224990" lon="3.0000001">
        <time>2077-09-27T20:41:16.000Z</time>
      </trkpt>
      <trkpt lat="45.0225252" lon="3.0000001">
        <time>2077-09-27T20:41:17.000Z</time>
      </trkpt>
      <trkpt lat="45.0225507" lon="3.0000001">
        <time>2077-09-27T20:41:18.000Z</time>
      </trkpt>
      <trkpt lat="45.0225771" lon="3.0000001">
        <time>2077-09-27T20:41:19.000Z</time>
      </trkpt>
      <trkpt lat="45.0226015" lon="3.0000001">
        <time>2077-09-27T20:41:20.000Z</time>
      </trkpt>
      <trkpt lat="45.0226284" lon="3.0000001">
        <time>2077-09-27T20:41:21.000Z</time>
      </trkpt>
      <trkpt lat="45.0226522" lon="3.0000001">
        <time>2077-09-27T20:41:22.000Z</time>
      </trkpt>
      <trkpt lat="45.0226781" lon="3.0000001">
        <time>2077-09-27T20:41:23.000Z</time>
      </trkpt>
      <trkpt lat="45.0227047" lon="3.0000001">
        <time>2077-09-27T20:41:24.000Z</time>
      </trkpt>
      <trkpt lat="45.0227302" lon="3.0000001">
        <time>2077-09-27T20:41:25.000Z</time>
      </trkpt>
      <trkpt lat="45.0227544" lon="3.0000001">
        <time>2077-09-27T20:41:26.000Z</time>
      </trkpt>
      <trkpt lat="45.0227816" lon="3.0000001">
        <time>2077-09-27T20:41:27.000Z</time>
      </trkpt>
      <trkpt lat="45.0228074" lon="3.0000001">
        <time>2077-09-27T20:41:28.000Z</time>
      </trkpt>
      <trkpt lat="45.0228319" lon="3.0000000">
        <time>2077-09-27T20:41:29.000Z</time>
      </trkpt>
      <trkpt lat="45.0228572" lon="3.0000000">
        <time>2077-09-27T20:41:30.000Z</time>
      </trkpt>
      <trkpt lat="45.0228814" lon="3.0000000">
        <time>2077-09-27T20:41:31.000Z</time>
      </trkpt>
      <trkpt lat="45.0229077" lon="3.0000001">
        <time>2077-09-27T20:41:32.000Z</time>
      </trkpt>
      <trkpt lat="45.0229322" lon="3.0000000">
        <time>2077-09-27T20:41:33.000Z</time>
      </trkpt>
      <trkpt lat="45.0229601" lon="3.0000000">
        <time>2077-09-27T20:41:34.000Z</time>
      </trkpt>
      <trkpt lat="45.0229840" lon="3.0000000">
        <time>2077-09-27T20:41:35.000Z</time>
      </trkpt>
      <trkpt lat="45.0230119" lon="3.0000000">
        <time>2077-09-27T20:41:36.000Z</time>
      </trkpt>
      <trkpt lat="45.0230371" lon="3.0000000">
        <time>2077-09-27T20:41:37.000Z</time>
      </trkpt>
      <trkpt lat="45.0230636" lon="3.0000001">
        <time>2077-09-27T20:41:38.000Z</time>
      </trkpt>
      <trkpt lat="45.0230878" lon="3.0000001">
        <time>2077-09-27T20:41:39.000Z</time>
      </trkpt>
      <trkpt lat="45.0231144" lon="3.0000001">
        <time>2077-09-27T20:41:40.000Z</time>
      </trkpt>
      <trkpt lat="45.0231422" lon="3.0000001">
        <time>2077-09-27T20:41:41.000Z</time>
      </trkpt>
      <trkpt lat="45.0231668" lon="3.0000001">
        <time>2077-09-27T20:41:42.000Z</time>
      </trkpt>
      <trkpt lat="45.0231931" lon="3.0000001">
        <time>2077-09-27T20:41:43.000Z</time>
      </trkpt>
      <trkpt lat="45.0232205" lon="3.0000000">
        <time>2077-09-27T20:41:44.000Z</time>
      </trkpt>
      <trkpt lat="45.0232467" lon="3.0000000">
        <time>2077-09-27T20:41:45.000Z</time>
      </trkpt>
      <trkpt lat="45.0232745" lon="3.0000000">
        <time>2077-09-27T20:41:46.000Z</time>
      </trkpt>
      <trkpt lat="45.0233018" lon="3.0000000">
        <time>2077-09-27T20:41:47.000Z</time>
      </trkpt>
      <trkpt lat="45.0233254" lon="3.0000000">
        <time>2077-09-27T20:41:48.000Z</time>
      </trkpt>
      <trkpt lat="45.0233522" lon="3.0000000">
        <time>2077-09-27T20:41:49.000Z</time>
      </trkpt>
      <trkpt lat="45.0233802" lon="3.0000000">
        <time>2077-09-27T20:41:50.000Z</time>
      </trkpt>
      <trkpt lat="45.0234040" lon="3.0000000">
        <time>2077-09-27T20:41:51.000Z</time>
      </trkpt>
      <trkpt lat="45.0234285" lon="3.0000000">
        <time>2077-09-27T20:41:52.000Z</time>
      </trkpt>
      <trkpt lat="45.0234528" lon="3.0000000">
        <time>2077-09-27T20:41:53.000Z</time>
      </trkpt>
      <trkpt lat="45.0234794" lon="3.0000000">
        <time>2077-09-27T20:41:54.000Z</time>
      </trkpt>
      <trkpt lat="45.0235034" lon="3.0000000">
        <time>2077-09-27T20:41:55.000Z</time>
      </trkpt>
      <trkpt lat="45.0235292" lon="3.0000000">
        <time>2077-09-27T20:41:56.000Z</time>
      </trkpt>
      <trkpt lat="45.0235540" lon="3.0000000">
        <time>2077-09-27T20:41:57.000Z</time>
      </trkpt>
      <trkpt lat="45.0235788" lon="3.0000000">
        <time>2077-09-27T20:41:58.000Z</time>
      </trkpt>
      <trkpt lat="45.0236058" lon="3.0000000">
        <time>2077-09-27T20:41:59.000Z</time>
      </trkpt>
      <trkpt lat="45.0236313" lon="3.0000000">
        <time>2077-09-27T20:42:00.000Z</time>
      </trkpt>
      <trkpt lat="45.0236561" lon="3.0000000">
        <time>2077-09-27T20:42:01.000Z</time>
      </trkpt>
      <trkpt lat="45.0236820" lon="3.0000000">
        <time>2077-09-27T20:42:02.000Z</time>
      </trkpt>
      <trkpt lat="45.0237065" lon="3.0000000">
        <time>2077-09-27T20:42:03.000Z</time>
      </trkpt>
      <trkpt lat="45.0237328" lon="3.0000000">
        <time>2077-09-27T20:42:04.000Z</time>
      </trkpt>
      <trkpt lat="45.0237578" lon="3.0000000">
        <time>2077-09-27T20:42:05.000Z</time>
      </trkpt>
      <trkpt lat="45.0237816" lon="3.0000000">
        <time>2077-09-27T20:42:06.000Z</time>
      </trkpt>
      <trkpt lat="45.0238063" lon="3.0000000">
        <time>2077-09-27T20:42:07.000Z</time>
      </trkpt>
      <trkpt lat="45.0238326" lon="3.0000000">
        <time>2077-09-27T20:42:08.000Z</time>
      </trkpt>
      <trkpt lat="45.0238603" lon="3.0000001">
        <time>2077-09-27T20:42:09.000Z</time>
      </trkpt>
      <trkpt lat="45.0238872" lon="3.0000000">
        <time>2077-09-27T20:42:10.000Z</time>
      </trkpt>
      <trkpt lat="45.0239147" lon="3.0000001">
        <time>2077-09-27T20:42:11.000Z</time>
      </trkpt>
      <trkpt lat="45.0239389" lon="3.0000000">
        <time>2077-09-27T20:42:12.000Z</time>
      </trkpt>
      <trkpt lat="45.0239660" lon="3.0000001">
        <time>2077-09-27T20:42:13.000Z</time>
      </trkpt>
      <trkpt lat="45.0239916" lon="3.0000000">
        <time>2077-09-27T20:42:14.000Z</time>
      </trkpt>
      <trkpt lat="45.0240168" lon="3.0000000">
        <time>2077-09-27T20:42:15.000Z</time>
      </trkpt>
      <trkpt lat="45.0240430" lon="3.0000001">
        <time>2077-09-27T20:42:16.000Z</time>
      </trkpt>
      <trkpt lat="45.0240702" lon="3.0000000">
        <time>2077-09-27T20:42:17.000Z</time>
      </trkpt>
      <trkpt lat="45.0240963" lon="3.0000000">
        <time>2077-09-27T20:42:18.000Z</time>
      </trkpt>
      <trkpt lat="45.0241206" lon="3.0000000">
        <time>2077-09-27T20:42:19.000Z</time>
      </trkpt>
      <trkpt lat="45.0241484" lon="3.0000000">
        <time>2077-09-27T20:42:20.000Z</time>
      </trkpt>
      <trkpt lat="45.0241731" lon="3.0000000">
        <time>2077-09-27T20:42:21.000Z</time>
      </trkpt>
      <trkpt lat="45.0241986" lon="3.0000000">
        <time>2077-09-27T20:42:22.000Z</time>
      </trkpt>
      <trkpt lat="45.0242235" lon="3.0000000">
        <time>2077-09-27T20:42:23.000Z</time>
      </trkpt>
      <trkpt lat="45.0242485" lon="3.0000000">
        <time>2077-09-27T20:42:24.000Z</time>
      </trkpt>
      <trkpt lat="45.0242739" lon="3.0000000">
        <time>2077-09-27T20:42:25.000Z</time>
      </trkpt>
      <trkpt lat="45.0243001" lon="3.0000000">
        <time>2077-09-27T20:42:26.000Z</time>
      </trkpt>
      <trkpt lat="45.0243273" lon="3.0000000">
        <time>2077-09-27T20:42:27.000Z</time>
      </trkpt>
      <trkpt lat="45.0243522" lon="3.0000001">
        <time>2077-09-27T20:42:28.000Z</time>
      </trkpt>
      <trkpt lat="45.0243787" lon="3.0000000">
        <time>2077-09-27T20:42:29.000Z</time>
      </trkpt>
      <trkpt lat="45.0244061" lon="3.0000000">
        <time>2077-09-27T20:42:30.000Z</time>
      </trkpt>
      <trkpt lat="45.0244308" lon="3.0000000">
        <time>2077-09-27T20:42:31.000Z</time>
      </trkpt>
      <trkpt lat="45.0244586" lon="3.0000000">
        <time>2077-09-27T20:42:32.000Z</time>
      </trkpt>
      <trkpt lat="45.0244855" lon="3.0000000">
        <time>2077-09-27T20:42:33.000Z</time>
      </trkpt>
      <trkpt lat="45.0245126" lon="3.0000000">
        <time>2077-09-27T20:42:34.000Z</time>
      </trkpt>
      <trkpt lat="45.0245376" lon="3.0000000">
        <time>2077-09-27T20:42:35.000Z</time>
      </trkpt>
      <trkpt lat="45.0245629" lon="3.0000000">
        <time>2077-09-27T20:42:36.000Z</time>
      </trkpt>
      <trkpt lat="45.0245866" lon="3.0000000">
        <time>2077-09-27T20:42:37.000Z</time>
      </trkpt>
      <trkpt lat="45.0246119" lon="3.0000000">
        <time>2077-09-27T20:42:38.000Z</time>
      </trkpt>
      <trkpt lat="45.0246398" lon="3.0000000">
        <time>2077-09-27T20:42:39.000Z</time>
      </trkpt>
      <trkpt lat="45.0246676" lon="3.0000000">
        <time>2077-09-27T20:42:40.000Z</time>
      </trkpt>
      <trkpt lat="45.0246953" lon="3.0000000">
        <time>2077-09-27T20:42:41.000Z</time>
      </trkpt>
      <trkpt lat="45.0247232" lon="3.0000000">
        <time>2077-09-27T20:42:42.000Z</time>
      </trkpt>
      <trkpt lat="45.0247498" lon="3.0000000">
        <time>2077-09-27T20:42:43.000Z</time>
      </trkpt>
      <trkpt lat="45.0247740" lon="3.0000000">
        <time>2077-09-27T20:42:44.000Z</time>
      </trkpt>
      <trkpt lat="45.0247979" lon="3.0000000">
        <time>2077-09-27T20:42:45.000Z</time>
      </trkpt>
      <trkpt lat="45.0248244" lon="3.0000000">
        <time>2077-09-27T20:42:46.000Z</time>
      </trkpt>
      <trkpt lat="45.0248494" lon="3.0000001">
        <time>2077-09-27T20:42:47.000Z</time>
      </trkpt>
      <trkpt lat="45.0248774" lon="3.0000001">
        <time>2077-09-27T20:42:48.000Z</time>
      </trkpt>
      <trkpt lat="45.0249028" lon="3.0000000">
        <time>2077-09-27T20:42:49.000Z</time>
      </trkpt>
      <trkpt lat="45.0249297" lon="3.0000000">
        <time>2077-09-27T20:42:50.000Z</time>
      </trkpt>
      <trkpt lat="45.0249542" lon="3.0000000">
        <time>2077-09-27T20:42:51.000Z</time>
      </trkpt>
      <trkpt lat="45.0249794" lon="3.0000000">
        <time>2077-09-27T20:42:52.000Z</time>
      </trkpt>
      <trkpt lat="45.0250034" lon="3.0000001">
        <time>2077-09-27T20:42:53.000Z</time>
      </trkpt>
      <trkpt lat="45.0250285" lon="3.0000001">
        <time>2077-09-27T20:42:54.000Z</time>
      </trkpt>
      <trkpt lat="45.0250531" lon="3.0000001">
        <time>2077-09-27T20:42:55.000Z</time>
      </trkpt>
      <trkpt lat="45.0250786" lon="3.0000001">
        <time>2077-09-27T20:42:56.000Z</time>
      </trkpt>
      <trkpt lat="45.0251024" lon="3.0000001">
        <time>2077-09-27T20:42:57.000Z</time>
      </trkpt>
      <trkpt lat="45.0251267" lon="3.0000001">
        <time>2077-09-27T20:42:58.000Z</time>
      </trkpt>
      <trkpt lat="45.0251507" lon="3.0000001">
        <time>2077-09-27T20:42:59.000Z</time>
      </trkpt>
      <trkpt lat="45.0251751" lon="3.0000001">
        <time>2077-09-27T20:43:00.000Z</time>
      </trkpt>
      <trkpt lat="45.0251994" lon="3.0000001">
        <time>2077-09-27T20:43:01.000Z</time>
      </trkpt>
      <trkpt lat="45.0252266" lon="3.0000001">
        <time>2077-09-27T20:43:02.000Z</time>
      </trkpt>
      <trkpt lat="45.0252544" lon="3.0000001">
        <time>2077-09-27T20:43:03.000Z</time>
      </trkpt>
      <trkpt lat="45.0252818" lon="3.0000001">
        <time>2077-09-27T20:43:04.000Z</time>
      </trkpt>
      <trkpt lat="45.0253093" lon="3.0000001">
        <time>2077-09-27T20:43:05.000Z</time>
      </trkpt>
      <trkpt lat="45.0253338" lon="3.0000001">
        <time>2077-09-27T20:43:06.000Z</time>
      </trkpt>
      <trkpt lat="45.0253603" lon="3.0000000">
        <time>2077-09-27T20:43:07.000Z</time>
      </trkpt>
      <trkpt lat="45.0253862" lon="3.0000001">
        <time>2077-09-27T20:43:08.000Z</time>
      </trkpt>
      <trkpt lat="45.0254112" lon="3.0000001">
        <time>2077-09-27T20:43:09.000Z</time>
      </trkpt>
      <trkpt lat="45.0254390" lon="3.0000000">
        <time>2077-09-27T20:43:10.000Z</time>
      </trkpt>
      <trkpt lat="45.0254632" lon="3.0000000">
        <time>2077-09-27T20:43:11.000Z</time>
      </trkpt>
      <trkpt lat="45.0254874" lon="3.0000000">
        <time>2077-09-27T20:43:12.000Z</time>
      </trkpt>
      <trkpt lat="45.0255148" lon="3.0000000">
        <time>2077-09-27T20:43:13.000Z</time>
      </trkpt>
      <trkpt lat="45.0255409" lon="3.0000000">
        <time>2077-09-27T20:43:14.000Z</time>
      </trkpt>
      <trkpt lat="45.0255655" lon="3.0000000">
        <time>2077-09-27T20:43:15.000Z</time>
      </trkpt>
      <trkpt lat="45.0255916" lon="3.0000000">
        <time>2077-09-27T20:43:16.000Z</time>
      </trkpt>
      <trkpt lat="45.0256156" lon="3.0000000">
        <time>2077-09-27T20:43:17.000Z</time>
      </trkpt>
      <trkpt lat="45.0256394" lon="3.0000000">
        <time>2077-09-27T20:43:18.000Z</time>
      </trkpt>
      <trkpt lat="45.0256672" lon="3.0000000">
        <time>2077-09-27T20:43:19.000Z</time>
      </trkpt>
      <trkpt lat="45.0256932" lon="3.0000000">
        <time>2077-09-27T20:43:20.000Z</time>
      </trkpt>
      <trkpt lat="45.0257186" lon="3.0000000">
        <time>2077-09-27T20:43:21.000Z</time>
      </trkpt>
      <trkpt lat="45.0257459" lon="3.0000000">
        <time>2077-09-27T20:43:22.000Z</time>
      </trkpt>
      <trkpt lat="45.0257716" lon="3.0000000">
        <time>2077-09-27T20:43:23.000Z</time>
      </trkpt>
      <trkpt lat="45.0257963" lon="3.0000000">
        <time>2077-09-27T20:43:24.000Z</time>
      </trkpt>
      <trkpt lat="45.0258220" lon="3.0000000">
        <time>2077-09-27T20:43:25.000Z</time>
      </trkpt>
      <trkpt lat="45.0258456" lon="3.0000000">
        <time>2077-09-27T20:43:26.000Z</time>
      </trkpt>
      <trkpt lat="45.0258707" lon="3.0000000">
        <time>2077-09-27T20:43:27.000Z</time>
      </trkpt>
      <trkpt lat="45.0258966" lon="3.0000000">
        <time>2077-09-27T20:43:28.000Z</time>
      </trkpt>
      <trkpt lat="45.0259215" lon="3.0000000">
        <time>2077-09-27T20:43:29.000Z</time>
      </trkpt>
      <trkpt lat="45.0259460" lon="3.0000000">
        <time>2077-09-27T20:43:30.000Z</time>
      </trkpt>
      <trkpt lat="45.0259728" lon="3.0000000">
        <time>2077-09-27T20:43:31.000Z</time>
      </trkpt>
      <trkpt lat="45.0259991" lon="3.0000000">
        <time>2077-09-27T20:43:32.000Z</time>
      </trkpt>
      <trkpt lat="45.0260270" lon="3.0000000">
        <time>2077-09-27T20:43:33.000Z</time>
      </trkpt>
      <trkpt lat="45.0260524" lon="3.0000000">
        <time>2077-09-27T20:43:34.000Z</time>
      </trkpt>
      <trkpt lat="45.0260763" lon="3.0000000">
        <time>2077-09-27T20:43:35.000Z</time>
      </trkpt>
      <trkpt lat="45.0261023" lon="3.0000000">
        <time>2077-09-27T20:43:36.000Z</time>
      </trkpt>
      <trkpt lat="45.0261281" lon="3.0000000">
        <time>2077-09-27T20:43:37.000Z</time>
      </trkpt>
      <trkpt lat="45.0261534" lon="3.0000000">
        <time>2077-09-27T20:43:38.000Z</time>
      </trkpt>
      <trkpt lat="45.0261778" lon="3.0000000">
        <time>2077-09-27T20:43:39.000Z</time>
      </trkpt>
      <trkpt lat="45.0262024" lon="3.0000000">
        <time>2077-09-27T20:43:40.000Z</time>
      </trkpt>
      <trkpt lat="45.0262294" lon="3.0000000">
        <time>2077-09-27T20:43:41.000Z</time>
      </trkpt>
      <trkpt lat="45.0262547" lon="3.0000000">
        <time>2077-09-27T20:43:42.000Z</time>
      </trkpt>
      <trkpt lat="45.0262797" lon="3.0000000">
        <time>2077-09-27T20:43:43.000Z</time>
      </trkpt>
      <trkpt lat="45.0263037" lon="3.0000000">
        <time>2077-09-27T20:43:44.000Z</time>
      </trkpt>
      <trkpt lat="45.0263275" lon="3.0000000">
        <time>2077-09-27T20:43:45.000Z</time>
      </trkpt>
      <trkpt lat="45.0263534" lon="3.0000000">
        <time>2077-09-27T20:43:46.000Z</time>
      </trkpt>
      <trkpt lat="45.0263775" lon="3.0000000">
        <time>2077-09-27T20:43:47.000Z</time>
      </trkpt>
      <trkpt lat="45.0264024" lon="3.0000000">
        <time>2077-09-27T20:43:48.000Z</time>
      </trkpt>
      <trkpt lat="45.0264272" lon="3.0000000">
        <time>2077-09-27T20:43:49.000Z</time>
      </trkpt>
      <trkpt lat="45.0264522" lon="3.0000000">
        <time>2077-09-27T20:43:50.000Z</time>
      </trkpt>
      <trkpt lat="45.0264780" lon="3.0000000">
        <time>2077-09-27T20:43:51.000Z</time>
      </trkpt>
      <trkpt lat="45.0265055" lon="3.0000000">
        <time>2077-09-27T20:43:52.000Z</time>
      </trkpt>
      <trkpt lat="45.0265318" lon="3.0000000">
        <time>2077-09-27T20:43:53.000Z</time>
      </trkpt>
      <trkpt lat="45.0265592" lon="3.0000000">
        <time>2077-09-27T20:43:54.000Z</time>
      </trkpt>
      <trkpt lat="45.0265840" lon="3.0000000">
        <time>2077-09-27T20:43:55.000Z</time>
      </trkpt>
      <trkpt lat="45.0266107" lon="3.0000000">
        <time>2077-09-27T20:43:56.000Z</time>
      </trkpt>
      <trkpt lat="45.0266348" lon="3.0000000">
        <time>2077-09-27T20:43:57.000Z</time>
      </trkpt>
      <trkpt lat="45.0266609" lon="3.0000000">
        <time>2077-09-27T20:43:58.000Z</time>
      </trkpt>
      <trkpt lat="45.0266845" lon="3.0000000">
        <time>2077-09-27T20:43:59.000Z</time>
      </trkpt>
      <trkpt lat="45.0267091" lon="3.0000000">
        <time>2077-09-27T20:44:00.000Z</time>
      </trkpt>
      <trkpt lat="45.0267365" lon="3.0000000">
        <time>2077-09-27T20:44:01.000Z</time>
      </trkpt>
      <trkpt lat="45.0267645" lon="3.0000000">
        <time>2077-09-27T20:44:02.000Z</time>
      </trkpt>
      <trkpt lat="45.0267885" lon="3.0000000">
        <time>2077-09-27T20:44:03.000Z</time>
      </trkpt>
      <trkpt lat="45.0268165" lon="3.0000000">
        <time>2077-09-27T20:44:04.000Z</time>
      </trkpt>
      <trkpt lat="45.0268431" lon="3.0000000">
        <time>2077-09-27T20:44:05.000Z</time>
      </trkpt>
      <trkpt lat="45.0268694" lon="3.0000000">
        <time>2077-09-27T20:44:06.000Z</time>
      </trkpt>
      <trkpt lat="45.0268964" lon="3.0000000">
        <time>2077-09-27T20:44:07.000Z</time>
      </trkpt>
      <trkpt lat="45.0269226" lon="3.0000000">
        <time>2077-09-27T20:44:08.000Z</time>
      </trkpt>
      <trkpt lat="45.0269461" lon="3.0000000">
        <time>2077-09-27T20:44:09.000Z</time>
      </trkpt>
      <trkpt lat="45.0269716" lon="3.0000000">
        <time>2077-09-27T20:44:10.000Z</time>
      </trkpt>
      <trkpt lat="45.0269961" lon="3.0000000">
        <time>2077-09-27T20:44:11.000Z</time>
      </trkpt>
      <trkpt lat="45.0270229" lon="3.0000000">
        <time>2077-09-27T20:44:12.000Z</time>
      </trkpt>
      <trkpt lat="45.0270493" lon="3.0000000">
        <time>2077-09-27T20:44:13.000Z</time>
      </trkpt>
      <trkpt lat="45.0270766" lon="3.0000000">
        <time>2077-09-27T20:44:14.000Z</time>
      </trkpt>
      <trkpt lat="45.0271009" lon="3.0000000">
        <time>2077-09-27T20:44:15.000Z</time>
      </trkpt>
      <trkpt lat="45.0271266" lon="3.0000000">
        <time>2077-09-27T20:44:16.000Z</time>
      </trkpt>
      <trkpt lat="45.0271522" lon="3.0000000">
        <time>2077-09-27T20:44:17.000Z</time>
      </trkpt>
      <trkpt lat="45.0271764" lon="3.0000000">
        <time>2077-09-27T20:44:18.000Z</time>
      </trkpt>
      <trkpt lat="45.0272008" lon="3.0000000">
        <time>2077-09-27T20:44:19.000Z</time>
      </trkpt>
      <trkpt lat="45.0272281" lon="3.0000000">
        <time>2077-09-27T20:44:20.000Z</time>
      </trkpt>
      <trkpt lat="45.0272558" lon="3.0000000">
        <time>2077-09-27T20:44:21.000Z</time>
      </trkpt>
      <trkpt lat="45.0272805" lon="3.0000000">
        <time>2077-09-27T20:44:22.000Z</time>
      </trkpt>
      <trkpt lat="45.0273046" lon="3.0000000">
        <time>2077-09-27T20:44:23.000Z</time>
      </trkpt>
      <trkpt lat="45.0273313" lon="3.0000000">
        <time>2077-09-27T20:44:24.000Z</time>
      </trkpt>
      <trkpt lat="45.0273557" lon="3.0000000">
        <time>2077-09-27T20:44:25.000Z</time>
      </trkpt>
      <trkpt lat="45.0273828" lon="3.0000000">
        <time>2077-09-27T20:44:26.000Z</time>
      </trkpt>
      <trkpt lat="45.0274079" lon="3.0000000">
        <time>2077-09-27T20:44:27.000Z</time>
      </trkpt>
      <trkpt lat="45.0274321" lon="3.0000000">
        <time>2077-09-27T20:44:28.000Z</time>
      </trkpt>
      <trkpt lat="45.0274571" lon="3.0000000">
        <time>2077-09-27T20:44:29.000Z</time>
      </trkpt>
      <trkpt lat="45.0274847" lon="3.0000000">
        <time>2077-09-27T20:44:30.000Z</time>
      </trkpt>
      <trkpt lat="45.0275124" lon="3.0000000">
        <time>2077-09-27T20:44:31.000Z</time>
      </trkpt>
      <trkpt lat="45.0275367" lon="3.0000000">
        <time>2077-09-27T20:44:32.000Z</time>
      </trkpt>
      <trkpt lat="45.0275646" lon="3.0000000">
        <time>2077-09-27T20:44:33.000Z</time>
      </trkpt>
      <trkpt lat="45.0275925" lon="3.0000000">
        <time>2077-09-27T20:44:34.000Z</time>
      </trkpt>
      <trkpt lat="45.0276162" lon="3.0000000">
        <time>2077-09-27T20:44:35.000Z</time>
      </trkpt>
      <trkpt lat="45.0276423" lon="3.0000000">
        <time>2077-09-27T20:44:36.000Z</time>
      </trkpt>
      <trkpt lat="45.0276702" lon="3.0000000">
        <time>2077-09-27T20:44:37.000Z</time>
      </trkpt>
      <trkpt lat="45.0276959" lon="3.0000000">
        <time>2077-09-27T20:44:38.000Z</time>
      </trkpt>
      <trkpt lat="45.0277201" lon="3.0000000">
        <time>2077-09-27T20:44:39.000Z</time>
      </trkpt>
      <trkpt lat="45.0277469" lon="3.0000000">
        <time>2077-09-27T20:44:40.000Z</time>
      </trkpt>
      <trkpt lat="45.0277749" lon="3.0000000">
        <time>2077-09-27T20:44:41.000Z</time>
      </trkpt>
      <trkpt lat="45.0278029" lon="3.0000000">
        <time>2077-09-27T20:44:42.000Z</time>
      </trkpt>
      <trkpt lat="45.0278287" lon="3.0000000">
        <time>2077-09-27T20:44:43.000Z</time>
      </trkpt>
      <trkpt lat="45.0278543" lon="3.0000000">
        <time>2077-09-27T20:44:44.000Z</time>
      </trkpt>
      <trkpt lat="45.0278815" lon="3.0000000">
        <time>2077-09-27T20:44:45.000Z</time>
      </trkpt>
      <trkpt lat="45.0279064" lon="3.0000000">
        <time>2077-09-27T20:44:46.000Z</time>
      </trkpt>
      <trkpt lat="45.0279343" lon="3.0000000">
        <time>2077-09-27T20:44:47.000Z</time>
      </trkpt>
      <trkpt lat="45.0279597" lon="3.0000000">
        <time>2077-09-27T20:44:48.000Z</time>
      </trkpt>
      <trkpt lat="45.0279836" lon="3.0000000">
        <time>2077-09-27T20:44:49.000Z</time>
      </trkpt>
      <trkpt lat="45.0280088" lon="3.0000000">
        <time>2077-09-27T20:44:50.000Z</time>
      </trkpt>
      <trkpt lat="45.0280327" lon="3.0000000">
        <time>2077-09-27T20:44:51.000Z</time>
      </trkpt>
      <trkpt lat="45.0280596" lon="3.0000000">
        <time>2077-09-27T20:44:52.000Z</time>
      </trkpt>
      <trkpt lat="45.0280846" lon="3.0000000">
        <time>2077-09-27T20:44:53.000Z</time>
      </trkpt>
      <trkpt lat="45.0281119" lon="3.0000000">
        <time>2077-09-27T20:44:54.000Z</time>
      </trkpt>
      <trkpt lat="45.0281381" lon="3.0000000">
        <time>2077-09-27T20:44:55.000Z</time>
      </trkpt>
      <trkpt lat="45.0281629" lon="3.0000000">
        <time>2077-09-27T20:44:56.000Z</time>
      </trkpt>
      <trkpt lat="45.0281875" lon="3.0000000">
        <time>2077-09-27T20:44:57.000Z</time>
      </trkpt>
      <trkpt lat="45.0282126" lon="3.0000000">
        <time>2077-09-27T20:44:58.000Z</time>
      </trkpt>
      <trkpt lat="45.0282368" lon="3.0000000">
        <time>2077-09-27T20:44:59.000Z</time>
      </trkpt>
      <trkpt lat="45.0282624" lon="3.0000000">
        <time>2077-09-27T20:45:00.000Z</time>
      </trkpt>
      <trkpt lat="45.0282892" lon="3.0000000">
        <time>2077-09-27T20:45:01.000Z</time>
      </trkpt>
      <trkpt lat="45.0283171" lon="3.0000000">
        <time>2077-09-27T20:45:02.000Z</time>
      </trkpt>
      <trkpt lat="45.0283427" lon="3.0000000">
        <time>2077-09-27T20:45:03.000Z</time>
      </trkpt>
      <trkpt lat="45.0283691" lon="3.0000000">
        <time>2077-09-27T20:45:04.000Z</time>
      </trkpt>
      <trkpt lat="45.0283958" lon="3.0000000">
        <time>2077-09-27T20:45:05.000Z</time>
      </trkpt>
      <trkpt lat="45.0284237" lon="3.0000000">
        <time>2077-09-27T20:45:06.000Z</time>
      </trkpt>
      <trkpt lat="45.0284504" lon="3.0000000">
        <time>2077-09-27T20:45:07.000Z</time>
      </trkpt>
      <trkpt lat="45.0284761" lon="3.0000000">
        <time>2077-09-27T20:45:08.000Z</time>
      </trkpt>
      <trkpt lat="45.0285032" lon="3.0000000">
        <time>2077-09-27T20:45:09.000Z</time>
      </trkpt>
      <trkpt lat="45.0285288" lon="3.0000000">
        <time>2077-09-27T20:45:10.000Z</time>
      </trkpt>
      <trkpt lat="45.0285553" lon="3.0000000">
        <time>2077-09-27T20:45:11.000Z</time>
      </trkpt>
      <trkpt lat="45.0285804" lon="3.0000000">
        <time>2077-09-27T20:45:12.000Z</time>
      </trkpt>
      <trkpt lat="45.0286049" lon="3.0000000">
        <time>2077-09-27T20:45:13.000Z</time>
      </trkpt>
      <trkpt lat="45.0286291" lon="3.0000000">
        <time>2077-09-27T20:45:14.000Z</time>
      </trkpt>
      <trkpt lat="45.0286543" lon="3.0000000">
        <time>2077-09-27T20:45:15.000Z</time>
      </trkpt>
      <trkpt lat="45.0286784" lon="3.0000000">
        <time>2077-09-27T20:45:16.000Z</time>
      </trkpt>
      <trkpt lat="45.0287038" lon="3.0000000">
        <time>2077-09-27T20:45:17.000Z</time>
      </trkpt>
      <trkpt lat="45.0287275" lon="3.0000000">
        <time>2077-09-27T20:45:18.000Z</time>
      </trkpt>
      <trkpt lat="45.0287529" lon="3.0000000">
        <time>2077-09-27T20:45:19.000Z</time>
      </trkpt>
      <trkpt lat="45.0287781" lon="3.0000000">
        <time>2077-09-27T20:45:20.000Z</time>
      </trkpt>
      <trkpt lat="45.0288058" lon="3.0000000">
        <time>2077-09-27T20:45:21.000Z</time>
      </trkpt>
      <trkpt lat="45.0288329" lon="3.0000000">
        <time>2077-09-27T20:45:22.000Z</time>
      </trkpt>
      <trkpt lat="45.0288596" lon="3.0000000">
        <time>2077-09-27T20:45:23.000Z</time>
      </trkpt>
      <trkpt lat="45.0288868" lon="3.0000000">
        <time>2077-09-27T20:45:24.000Z</time>
      </trkpt>
      <trkpt lat="45.0289125" lon="3.0000000">
        <time>2077-09-27T20:45:25.000Z</time>
      </trkpt>
      <trkpt lat="45.0289390" lon="3.0000000">
        <time>2077-09-27T20:45:26.000Z</time>
      </trkpt>
      <trkpt lat="45.0289644" lon="3.0000000">
        <time>2077-09-27T20:45:27.000Z</time>
      </trkpt>
      <trkpt lat="45.0289913" lon="3.0000000">
        <time>2077-09-27T20:45:28.000Z</time>
      </trkpt>
      <trkpt lat="45.0290156" lon="3.0000000">
        <time>2077-09-27T20:45:29.000Z</time>
      </trkpt>
      <trkpt lat="45.0290405" lon="3.0000000">
        <time>2077-09-27T20:45:30.000Z</time>
      </trkpt>
      <trkpt lat="45.0290658" lon="3.0000000">
        <time>2077-09-27T20:45:31.000Z</time>
      </trkpt>
      <trkpt lat="45.0290924" lon="3.0000000">
        <time>2077-09-27T20:45:32.000Z</time>
      </trkpt>
      <trkpt lat="45.0291200" lon="3.0000000">
        <time>2077-09-27T20:45:33.000Z</time>
      </trkpt>
      <trkpt lat="45.0291474" lon="3.0000000">
        <time>2077-09-27T20:45:34.000Z</time>
      </trkpt>
      <trkpt lat="45.0291711" lon="3.0000000">
        <time>2077-09-27T20:45:35.000Z</time>
      </trkpt>
      <trkpt lat="45.0291958" lon="3.0000000">
        <time>2077-09-27T20:45:36.000Z</time>
      </trkpt>
      <trkpt lat="45.0292232" lon="3.0000000">
        <time>2077-09-27T20:45:37.000Z</time>
      </trkpt>
      <trkpt lat="45.0292505" lon="3.0000000">
        <time>2077-09-27T20:45:38.000Z</time>
      </trkpt>
      <trkpt lat="45.0292782" lon="3.0000000">
        <time>2077-09-27T20:45:39.000Z</time>
      </trkpt>
      <trkpt lat="45.0293039" lon="3.0000000">
        <time>2077-09-27T20:45:40.000Z</time>
      </trkpt>
      <trkpt lat="45.0293277" lon="3.0000000">
        <time>2077-09-27T20:45:41.000Z</time>
      </trkpt>
      <trkpt lat="45.0293537" lon="3.0000000">
        <time>2077-09-27T20:45:42.000Z</time>
      </trkpt>
      <trkpt lat="45.0293791" lon="3.0000000">
        <time>2077-09-27T20:45:43.000Z</time>
      </trkpt>
      <trkpt lat="45.0294067" lon="3.0000000">
        <time>2077-09-27T20:45:44.000Z</time>
      </trkpt>
      <trkpt lat="45.0294335" lon="3.0000000">
        <time>2077-09-27T20:45:45.000Z</time>
      </trkpt>
      <trkpt lat="45.0294571" lon="3.0000001">
        <time>2077-09-27T20:45:46.000Z</time>
      </trkpt>
      <trkpt lat="45.0294809" lon="3.0000001">
        <time>2077-09-27T20:45:47.000Z</time>
      </trkpt>
      <trkpt lat="45.0295077" lon="3.0000001">
        <time>2077-09-27T20:45:48.000Z</time>
      </trkpt>
      <trkpt lat="45.0295355" lon="3.0000001">
        <time>2077-09-27T20:45:49.000Z</time>
      </trkpt>
      <trkpt lat="45.0295611" lon="3.0000001">
        <time>2077-09-27T20:45:50.000Z</time>
      </trkpt>
      <trkpt lat="45.0295882" lon="3.0000001">
        <time>2077-09-27T20:45:51.000Z</time>
      </trkpt>
      <trkpt lat="45.0296122" lon="3.0000001">
        <time>2077-09-27T20:45:52.000Z</time>
      </trkpt>
      <trkpt lat="45.0296383" lon="3.0000001">
        <time>2077-09-27T20:45:53.000Z</time>
      </trkpt>
      <trkpt lat="45.0296653" lon="3.0000001">
        <time>2077-09-27T20:45:54.000Z</time>
      </trkpt>
      <trkpt lat="45.0296895" lon="3.0000001">
        <time>2077-09-27T20:45:55.000Z</time>
      </trkpt>
      <trkpt lat="45.0297148" lon="3.0000001">
        <time>2077-09-27T20:45:56.000Z</time>
      </trkpt>
      <trkpt lat="45.0297424" lon="3.0000001">
        <time>2077-09-27T20:45:57.000Z</time>
      </trkpt>
      <trkpt lat="45.0297690" lon="3.0000001">
        <time>2077-09-27T20:45:58.000Z</time>
      </trkpt>
      <trkpt lat="45.0297927" lon="3.0000001">
        <time>2077-09-27T20:45:59.000Z</time>
      </trkpt>
      <trkpt lat="45.0298182" lon="3.0000001">
        <time>2077-09-27T20:46:00.000Z</time>
      </trkpt>
      <trkpt lat="45.0298419" lon="3.0000001">
        <time>2077-09-27T20:46:01.000Z</time>
      </trkpt>
      <trkpt lat="45.0298667" lon="3.0000001">
        <time>2077-09-27T20:46:02.000Z</time>
      </trkpt>
      <trkpt lat="45.0298905" lon="3.0000001">
        <time>2077-09-27T20:46:03.000Z</time>
      </trkpt>
      <trkpt lat="45.0299184" lon="3.0000001">
        <time>2077-09-27T20:46:04.000Z</time>
      </trkpt>
      <trkpt lat="45.0299425" lon="3.0000001">
        <time>2077-09-27T20:46:05.000Z</time>
      </trkpt>
      <trkpt lat="45.0299696" lon="3.0000001">
        <time>2077-09-27T20:46:06.000Z</time>
      </trkpt>
      <trkpt lat="45.0299969" lon="3.0000001">
        <time>2077-09-27T20:46:07.000Z</time>
      </trkpt>
      <trkpt lat="45.0300244" lon="3.0000001">
        <time>2077-09-27T20:46:08.000Z</time>
      </trkpt>
      <trkpt lat="45.0300519" lon="3.0000001">
        <time>2077-09-27T20:46:09.000Z</time>
      </trkpt>
      <trkpt lat="45.0300767" lon="3.0000001">
        <time>2077-09-27T20:46:10.000Z</time>
      </trkpt>
      <trkpt lat="45.0301046" lon="3.0000001">
        <time>2077-09-27T20:46:11.000Z</time>
      </trkpt>
      <trkpt lat="45.0301313" lon="3.0000001">
        <time>2077-09-27T20:46:12.000Z</time>
      </trkpt>
      <trkpt lat="45.0301575" lon="3.0000001">
        <time>2077-09-27T20:46:13.000Z</time>
      </trkpt>
      <trkpt lat="45.0301853" lon="3.0000001">
        <time>2077-09-27T20:46:14.000Z</time>
      </trkpt>
      <trkpt lat="45.0302133" lon="3.0000001">
        <time>2077-09-27T20:46:15.000Z</time>
      </trkpt>
      <trkpt lat="45.0302395" lon="3.0000001">
        <time>2077-09-27T20:46:16.000Z</time>
      </trkpt>
      <trkpt lat="45.0302673" lon="3.0000001">
        <time>2077-09-27T20:46:17.000Z</time>
      </trkpt>
      <trkpt lat="45.0302910" lon="3.0000001">
        <time>2077-09-27T20:46:18.000Z</time>
      </trkpt>
      <trkpt lat="45.0303183" lon="3.0000001">
        <time>2077-09-27T20:46:19.000Z</time>
      </trkpt>
      <trkpt lat="45.0303449" lon="3.0000001">
        <time>2077-09-27T20:46:20.000Z</time>
      </trkpt>
      <trkpt lat="45.0303697" lon="3.0000001">
        <time>2077-09-27T20:46:21.000Z</time>
      </trkpt>
      <trkpt lat="45.0303957" lon="3.0000001">
        <time>2077-09-27T20:46:22.000Z</time>
      </trkpt>
      <trkpt lat="45.0304235" lon="3.0000001">
        <time>2077-09-27T20:46:23.000Z</time>
      </trkpt>
      <trkpt lat="45.0304483" lon="3.0000001">
        <time>2077-09-27T20:46:24.000Z</time>
      </trkpt>
      <trkpt lat="45.0304746" lon="3.0000001">
        <time>2077-09-27T20:46:25.000Z</time>
      </trkpt>
      <trkpt lat="45.0305014" lon="3.0000001">
        <time>2077-09-27T20:46:26.000Z</time>
      </trkpt>
      <trkpt lat="45.0305256" lon="3.0000001">
        <time>2077-09-27T20:46:27.000Z</time>
      </trkpt>
      <trkpt lat="45.0305509" lon="3.0000001">
        <time>2077-09-27T20:46:28.000Z</time>
      </trkpt>
      <trkpt lat="45.0305788" lon="3.0000001">
        <time>2077-09-27T20:46:29.000Z</time>
      </trkpt>
      <trkpt lat="45.0306036" lon="3.0000001">
        <time>2077-09-27T20:46:30.000Z</time>
      </trkpt>
      <trkpt lat="45.0306276" lon="3.0000001">
        <time>2077-09-27T20:46:31.000Z</time>
      </trkpt>
      <trkpt lat="45.0306554" lon="3.0000001">
        <time>2077-09-27T20:46:32.000Z</time>
      </trkpt>
      <trkpt lat="45.0306795" lon="3.0000001">
        <time>2077-09-27T20:46:33.000Z</time>
      </trkpt>
      <trkpt lat="45.0307064" lon="3.0000001">
        <time>2077-09-27T20:46:34.000Z</time>
      </trkpt>
      <trkpt lat="45.0307319" lon="3.0000001">
        <time>2077-09-27T20:46:35.000Z</time>
      </trkpt>
      <trkpt lat="45.0307571" lon="3.0000001">
        <time>2077-09-27T20:46:36.000Z</time>
      </trkpt>
      <trkpt lat="45.0307836" lon="3.0000001">
        <time>2077-09-27T20:46:37.000Z</time>
      </trkpt>
      <trkpt lat="45.0308114" lon="3.0000001">
        <time>2077-09-27T20:46:38.000Z</time>
      </trkpt>
      <trkpt lat="45.0308390" lon="3.0000001">
        <time>2077-09-27T20:46:39.000Z</time>
      </trkpt>
      <trkpt lat="45.0308636" lon="3.0000000">
        <time>2077-09-27T20:46:40.000Z</time>
      </trkpt>
      <trkpt lat="45.0308901" lon="3.0000000">
        <time>2077-09-27T20:46:41.000Z</time>
      </trkpt>
      <trkpt lat="45.0309141" lon="3.0000000">
        <time>2077-09-27T20:46:42.000Z</time>
      </trkpt>
      <trkpt lat="45.0309391" lon="3.0000000">
        <time>2077-09-27T20:46:43.000Z</time>
      </trkpt>
      <trkpt lat="45.0309670" lon="3.0000000">
        <time>2077-09-27T20:46:44.000Z</time>
      </trkpt>
      <trkpt lat="45.0309947" lon="3.0000000">
        <time>2077-09-27T20:46:45.000Z</time>
      </trkpt>
      <trkpt lat="45.0310219" lon="3.0000000">
        <time>2077-09-27T20:46:46.000Z</time>
      </trkpt>
      <trkpt lat="45.0310484" lon="3.0000000">
        <time>2077-09-27T20:46:47.000Z</time>
      </trkpt>
      <trkpt lat="45.0310748" lon="3.0000000">
        <time>2077-09-27T20:46:48.000Z</time>
      </trkpt>
      <trkpt lat="45.0310986" lon="3.0000000">
        <time>2077-09-27T20:46:49.000Z</time>
      </trkpt>
      <trkpt lat="45.0311263" lon="3.0000000">
        <time>2077-09-27T20:46:50.000Z</time>
      </trkpt>
      <trkpt lat="45.0311524" lon="3.0000000">
        <time>2077-09-27T20:46:51.000Z</time>
      </trkpt>
      <trkpt lat="45.0311805" lon="3.0000000">
        <time>2077-09-27T20:46:52.000Z</time>
      </trkpt>
      <trkpt lat="45.0312057" lon="3.0000000">
        <time>2077-09-27T20:46:53.000Z</time>
      </trkpt>
      <trkpt lat="45.0312331" lon="3.0000000">
        <time>2077-09-27T20:46:54.000Z</time>
      </trkpt>
      <trkpt lat="45.0312587" lon="3.0000000">
        <time>2077-09-27T20:46:55.000Z</time>
      </trkpt>
      <trkpt lat="45.0312842" lon="3.0000000">
        <time>2077-09-27T20:46:56.000Z</time>
      </trkpt>
      <trkpt lat="45.0313118" lon="3.0000000">
        <time>2077-09-27T20:46:57.000Z</time>
      </trkpt>
      <trkpt lat="45.0313363" lon="3.0000000">
        <time>2077-09-27T20:46:58.000Z</time>
      </trkpt>
      <trkpt lat="45.0313605" lon="3.0000000">
        <time>2077-09-27T20:46:59.000Z</time>
      </trkpt>
      <trkpt lat="45.0313843" lon="2.9999999">
        <time>2077-09-27T20:47:00.000Z</time>
      </trkpt>
      <trkpt lat="45.0314098" lon="2.9999999">
        <time>2077-09-27T20:47:01.000Z</time>
      </trkpt>
      <trkpt lat="45.0314351" lon="2.9999999">
        <time>2077-09-27T20:47:02.000Z</time>
      </trkpt>
      <trkpt lat="45.0314625" lon="2.9999999">
        <time>2077-09-27T20:47:03.000Z</time>
      </trkpt>
      <trkpt lat="45.0314883" lon="2.9999999">
        <time>2077-09-27T20:47:04.000Z</time>
      </trkpt>
      <trkpt lat="45.0315146" lon="2.9999999">
        <time>2077-09-27T20:47:05.000Z</time>
      </trkpt>
      <trkpt lat="45.0315396" lon="2.9999999">
        <time>2077-09-27T20:47:06.000Z</time>
      </trkpt>
      <trkpt lat="45.0315662" lon="2.9999999">
        <time>2077-09-27T20:47:07.000Z</time>
      </trkpt>
      <trkpt lat="45.0315919" lon="2.9999999">
        <time>2077-09-27T20:47:08.000Z</time>
      </trkpt>
      <trkpt lat="45.0316173" lon="2.9999999">
        <time>2077-09-27T20:47:09.000Z</time>
      </trkpt>
      <trkpt lat="45.0316418" lon="2.9999999">
        <time>2077-09-27T20:47:10.000Z</time>
      </trkpt>
      <trkpt lat="45.0316673" lon="2.9999999">
        <time>2077-09-27T20:47:11.000Z</time>
      </trkpt>
      <trkpt lat="45.0316910" lon="2.9999999">
        <time>2077-09-27T20:47:12.000Z</time>
      </trkpt>
      <trkpt lat="45.0317183" lon="2.9999999">
        <time>2077-09-27T20:47:13.000Z</time>
      </trkpt>
      <trkpt lat="45.0317441" lon="2.9999999">
        <time>2077-09-27T20:47:14.000Z</time>
      </trkpt>
      <trkpt lat="45.0317704" lon="2.9999999">
        <time>2077-09-27T20:47:15.000Z</time>
      </trkpt>
      <trkpt lat="45.0317948" lon="2.9999999">
        <time>2077-09-27T20:47:16.000Z</time>
      </trkpt>
      <trkpt lat="45.0318205" lon="2.9999999">
        <time>2077-09-27T20:47:17.000Z</time>
      </trkpt>
      <trkpt lat="45.0318463" lon="2.9999999">
        <time>2077-09-27T20:47:18.000Z</time>
      </trkpt>
      <trkpt lat="45.0318704" lon="2.9999999">
        <time>2077-09-27T20:47:19.000Z</time>
      </trkpt>
      <trkpt lat="45.0318974" lon="2.9999999">
        <time>2077-09-27T20:47:20.000Z</time>
      </trkpt>
      <trkpt lat="45.0319255" lon="2.9999999">
        <time>2077-09-27T20:47:21.000Z</time>
      </trkpt>
      <trkpt lat="45.0319500" lon="2.9999999">
        <time>2077-09-27T20:47:22.000Z</time>
      </trkpt>
      <trkpt lat="45.0319775" lon="2.9999999">
        <time>2077-09-27T20:47:23.000Z</time>
      </trkpt>
      <trkpt lat="45.0320017" lon="2.9999999">
        <time>2077-09-27T20:47:24.000Z</time>
      </trkpt>
      <trkpt lat="45.0320275" lon="2.9999999">
        <time>2077-09-27T20:47:25.000Z</time>
      </trkpt>
      <trkpt lat="45.0320512" lon="2.9999999">
        <time>2077-09-27T20:47:26.000Z</time>
      </trkpt>
      <trkpt lat="45.0320771" lon="2.9999999">
        <time>2077-09-27T20:47:27.000Z</time>
      </trkpt>
      <trkpt lat="45.0321039" lon="2.9999999">
        <time>2077-09-27T20:47:28.000Z</time>
      </trkpt>
      <trkpt lat="45.0321307" lon="2.9999999">
        <time>2077-09-27T20:47:29.000Z</time>
      </trkpt>
      <trkpt lat="45.0321574" lon="2.9999999">
        <time>2077-09-27T20:47:30.000Z</time>
      </trkpt>
      <trkpt lat="45.0321827" lon="2.9999999">
        <time>2077-09-27T20:47:31.000Z</time>
      </trkpt>
      <trkpt lat="45.0322097" lon="2.9999999">
        <time>2077-09-27T20:47:32.000Z</time>
      </trkpt>
      <trkpt lat="45.0322339" lon="2.9999999">
        <time>2077-09-27T20:47:33.000Z</time>
      </trkpt>
      <trkpt lat="45.0322592" lon="2.9999999">
        <time>2077-09-27T20:47:34.000Z</time>
      </trkpt>
      <trkpt lat="45.0322849" lon="2.9999999">
        <time>2077-09-27T20:47:35.000Z</time>
      </trkpt>
      <trkpt lat="45.0323129" lon="2.9999999">
        <time>2077-09-27T20:47:36.000Z</time>
      </trkpt>
      <trkpt lat="45.0323393" lon="2.9999999">
        <time>2077-09-27T20:47:37.000Z</time>
      </trkpt>
      <trkpt lat="45.0323640" lon="2.9999999">
        <time>2077-09-27T20:47:38.000Z</time>
      </trkpt>
      <trkpt lat="45.0323913" lon="2.9999999">
        <time>2077-09-27T20:47:39.000Z</time>
      </trkpt>
      <trkpt lat="45.0324191" lon="2.9999999">
        <time>2077-09-27T20:47:40.000Z</time>
      </trkpt>
      <trkpt lat="45.0324429" lon="2.9999999">
        <time>2077-09-27T20:47:41.000Z</time>
      </trkpt>
      <trkpt lat="45.0324683" lon="2.9999999">
        <time>2077-09-27T20:47:42.000Z</time>
      </trkpt>
      <trkpt lat="45.0324926" lon="2.9999999">
        <time>2077-09-27T20:47:43.000Z</time>
      </trkpt>
      <trkpt lat="45.0325196" lon="2.9999999">
        <time>2077-09-27T20:47:44.000Z</time>
      </trkpt>
      <trkpt lat="45.0325453" lon="2.9999999">
        <time>2077-09-27T20:47:45.000Z</time>
      </trkpt>
      <trkpt lat="45.0325710" lon="2.9999999">
        <time>2077-09-27T20:47:46.000Z</time>
      </trkpt>
      <trkpt lat="45.0325979" lon="2.9999999">
        <time>2077-09-27T20:47:47.000Z</time>
      </trkpt>
      <trkpt lat="45.0326247" lon="2.9999999">
        <time>2077-09-27T20:47:48.000Z</time>
      </trkpt>
      <trkpt lat="45.0326525" lon="2.9999999">
        <time>2077-09-27T20:47:49.000Z</time>
      </trkpt>
      <trkpt lat="45.0326791" lon="2.9999999">
        <time>2077-09-27T20:47:50.000Z</time>
      </trkpt>
      <trkpt lat="45.0327061" lon="2.9999999">
        <time>2077-09-27T20:47:51.000Z</time>
      </trkpt>
      <trkpt lat="45.0327307" lon="2.9999999">
        <time>2077-09-27T20:47:52.000Z</time>
      </trkpt>
      <trkpt lat="45.0327567" lon="2.9999999">
        <time>2077-09-27T20:47:53.000Z</time>
      </trkpt>
      <trkpt lat="45.0327829" lon="2.9999999">
        <time>2077-09-27T20:47:54.000Z</time>
      </trkpt>
      <trkpt lat="45.0328065" lon="2.9999999">
        <time>2077-09-27T20:47:55.000Z</time>
      </trkpt>
      <trkpt lat="45.0328324" lon="2.9999999">
        <time>2077-09-27T20:47:56.000Z</time>
      </trkpt>
      <trkpt lat="45.0328580" lon="2.9999999">
        <time>2077-09-27T20:47:57.000Z</time>
      </trkpt>
      <trkpt lat="45.0328826" lon="2.9999999">
        <time>2077-09-27T20:47:58.000Z</time>
      </trkpt>
      <trkpt lat="45.0329075" lon="2.9999999">
        <time>2077-09-27T20:47:59.000Z</time>
      </trkpt>
      <trkpt lat="45.0329312" lon="2.9999999">
        <time>2077-09-27T20:48:00.000Z</time>
      </trkpt>
      <trkpt lat="45.0329563" lon="2.9999999">
        <time>2077-09-27T20:48:01.000Z</time>
      </trkpt>
      <trkpt lat="45.0329801" lon="2.9999999">
        <time>2077-09-27T20:48:02.000Z</time>
      </trkpt>
      <trkpt lat="45.0330056" lon="2.9999999">
        <time>2077-09-27T20:48:03.000Z</time>
      </trkpt>
      <trkpt lat="45.0330297" lon="2.9999999">
        <time>2077-09-27T20:48:04.000Z</time>
      </trkpt>
      <trkpt lat="45.0330550" lon="2.9999999">
        <time>2077-09-27T20:48:05.000Z</time>
      </trkpt>
      <trkpt lat="45.0330793" lon="2.9999999">
        <time>2077-09-27T20:48:06.000Z</time>
      </trkpt>
      <trkpt lat="45.0331070" lon="2.9999999">
        <time>2077-09-27T20:48:07.000Z</time>
      </trkpt>
      <trkpt lat="45.0331342" lon="2.9999999">
        <time>2077-09-27T20:48:08.000Z</time>
      </trkpt>
      <trkpt lat="45.0331605" lon="2.9999999">
        <time>2077-09-27T20:48:09.000Z</time>
      </trkpt>
      <trkpt lat="45.0331881" lon="2.9999999">
        <time>2077-09-27T20:48:10.000Z</time>
      </trkpt>
      <trkpt lat="45.0332127" lon="2.9999999">
        <time>2077-09-27T20:48:11.000Z</time>
      </trkpt>
      <trkpt lat="45.0332379" lon="2.9999999">
        <time>2077-09-27T20:48:12.000Z</time>
      </trkpt>
      <trkpt lat="45.0332622" lon="2.9999999">
        <time>2077-09-27T20:48:13.000Z</time>
      </trkpt>
      <trkpt lat="45.0332903" lon="2.9999999">
        <time>2077-09-27T20:48:14.000Z</time>
      </trkpt>
      <trkpt lat="45.0333163" lon="2.9999999">
        <time>2077-09-27T20:48:15.000Z</time>
      </trkpt>
      <trkpt lat="45.0333443" lon="2.9999999">
        <time>2077-09-27T20:48:16.000Z</time>
      </trkpt>
      <trkpt lat="45.0333691" lon="2.9999999">
        <time>2077-09-27T20:48:17.000Z</time>
      </trkpt>
      <trkpt lat="45.0333929" lon="2.9999999">
        <time>2077-09-27T20:48:18.000Z</time>
      </trkpt>
      <trkpt lat="45.0334206" lon="2.9999999">
        <time>2077-09-27T20:48:19.000Z</time>
      </trkpt>
      <trkpt lat="45.0334449" lon="2.9999999">
        <time>2077-09-27T20:48:20.000Z</time>
      </trkpt>
      <trkpt lat="45.0334718" lon="2.9999999">
        <time>2077-09-27T20:48:21.000Z</time>
      </trkpt>
      <trkpt lat="45.0334977" lon="2.9999998">
        <time>2077-09-27T20:48:22.000Z</time>
      </trkpt>
      <trkpt lat="45.0335215" lon="2.9999998">
        <time>2077-09-27T20:48:23.000Z</time>
      </trkpt>
      <trkpt lat="45.0335496" lon="2.9999998">
        <time>2077-09-27T20:48:24.000Z</time>
      </trkpt>
      <trkpt lat="45.0335770" lon="2.9999998">
        <time>2077-09-27T20:48:25.000Z</time>
      </trkpt>
      <trkpt lat="45.0336045" lon="2.9999998">
        <time>2077-09-27T20:48:26.000Z</time>
      </trkpt>
      <trkpt lat="45.0336308" lon="2.9999998">
        <time>2077-09-27T20:48:27.000Z</time>
      </trkpt>
      <trkpt lat="45.0336578" lon="2.9999998">
        <time>2077-09-27T20:48:28.000Z</time>
      </trkpt>
      <trkpt lat="45.0336841" lon="2.9999998">
        <time>2077-09-27T20:48:29.000Z</time>
      </trkpt>
      <trkpt lat="45.0337120" lon="2.9999998">
        <time>2077-09-27T20:48:30.000Z</time>
      </trkpt>
      <trkpt lat="45.0337377" lon="2.9999998">
        <time>2077-09-27T20:48:31.000Z</time>
      </trkpt>
      <trkpt lat="45.0337624" lon="2.9999998">
        <time>2077-09-27T20:48:32.000Z</time>
      </trkpt>
      <trkpt lat="45.0337875" lon="2.9999998">
        <time>2077-09-27T20:48:33.000Z</time>
      </trkpt>
      <trkpt lat="45.0338122" lon="2.9999998">
        <time>2077-09-27T20:48:34.000Z</time>
      </trkpt>
      <trkpt lat="45.0338363" lon="2.9999998">
        <time>2077-09-27T20:48:35.000Z</time>
      </trkpt>
      <trkpt lat="45.0338634" lon="2.9999999">
        <time>2077-09-27T20:48:36.000Z</time>
      </trkpt>
      <trkpt lat="45.0338905" lon="2.9999998">
        <time>2077-09-27T20:48:37.000Z</time>
      </trkpt>
      <trkpt lat="45.0339163" lon="2.9999999">
        <time>2077-09-27T20:48:38.000Z</time>
      </trkpt>
      <trkpt lat="45.0339407" lon="2.9999999">
        <time>2077-09-27T20:48:39.000Z</time>
      </trkpt>
      <trkpt lat="45.0339682" lon="2.9999999">
        <time>2077-09-27T20:48:40.000Z</time>
      </trkpt>
      <trkpt lat="45.0339942" lon="2.9999998">
        <time>2077-09-27T20:48:41.000Z</time>
      </trkpt>
      <trkpt lat="45.0340219" lon="2.9999998">
        <time>2077-09-27T20:48:42.000Z</time>
      </trkpt>
      <trkpt lat="45.0340465" lon="2.9999998">
        <time>2077-09-27T20:48:43.000Z</time>
      </trkpt>
      <trkpt lat="45.0340702" lon="2.9999998">
        <time>2077-09-27T20:48:44.000Z</time>
      </trkpt>
      <trkpt lat="45.0340973" lon="2.9999998">
        <time>2077-09-27T20:48:45.000Z</time>
      </trkpt>
      <trkpt lat="45.0341243" lon="2.9999998">
        <time>2077-09-27T20:48:46.000Z</time>
      </trkpt>
      <trkpt lat="45.0341510" lon="2.9999998">
        <time>2077-09-27T20:48:47.000Z</time>
      </trkpt>
      <trkpt lat="45.0341776" lon="2.9999998">
        <time>2077-09-27T20:48:48.000Z</time>
      </trkpt>
      <trkpt lat="45.0342020" lon="2.9999998">
        <time>2077-09-27T20:48:49.000Z</time>
      </trkpt>
      <trkpt lat="45.0342280" lon="2.9999998">
        <time>2077-09-27T20:48:50.000Z</time>
      </trkpt>
      <trkpt lat="45.0342545" lon="2.9999998">
        <time>2077-09-27T20:48:51.000Z</time>
      </trkpt>
      <trkpt lat="45.0342789" lon="2.9999999">
        <time>2077-09-27T20:48:52.000Z</time>
      </trkpt>
      <trkpt lat="45.0343062" lon="2.9999999">
        <time>2077-09-27T20:48:53.000Z</time>
      </trkpt>
      <trkpt lat="45.0343310" lon="2.9999999">
        <time>2077-09-27T20:48:54.000Z</time>
      </trkpt>
      <trkpt lat="45.0343583" lon="2.9999999">
        <time>2077-09-27T20:48:55.000Z</time>
      </trkpt>
      <trkpt lat="45.0343836" lon="2.9999999">
        <time>2077-09-27T20:48:56.000Z</time>
      </trkpt>
      <trkpt lat="45.0344090" lon="2.9999998">
        <time>2077-09-27T20:48:57.000Z</time>
      </trkpt>
      <trkpt lat="45.0344333" lon="2.9999998">
        <time>2077-09-27T20:48:58.000Z</time>
      </trkpt>
      <trkpt lat="45.0344611" lon="2.9999998">
        <time>2077-09-27T20:48:59.000Z</time>
      </trkpt>
      <trkpt lat="45.0344874" lon="2.9999998">
        <time>2077-09-27T20:49:00.000Z</time>
      </trkpt>
      <trkpt lat="45.0345121" lon="2.9999998">
        <time>2077-09-27T20:49:01.000Z</time>
      </trkpt>
      <trkpt lat="45.0345360" lon="2.9999998">
        <time>2077-09-27T20:49:02.000Z</time>
      </trkpt>
      <trkpt lat="45.0345638" lon="2.9999998">
        <time>2077-09-27T20:49:03.000Z</time>
      </trkpt>
      <trkpt lat="45.0345904" lon="2.9999998">
        <time>2077-09-27T20:49:04.000Z</time>
      </trkpt>
      <trkpt lat="45.0346169" lon="2.9999998">
        <time>2077-09-27T20:49:05.000Z</time>
      </trkpt>
      <trkpt lat="45.0346443" lon="2.9999998">
        <time>2077-09-27T20:49:06.000Z</time>
      </trkpt>
      <trkpt lat="45.0346688" lon="2.9999998">
        <time>2077-09-27T20:49:07.000Z</time>
      </trkpt>
      <trkpt lat="45.0346950" lon="2.9999998">
        <time>2077-09-27T20:49:08.000Z</time>
      </trkpt>
      <trkpt lat="45.0347189" lon="2.9999998">
        <time>2077-09-27T20:49:09.000Z</time>
      </trkpt>
      <trkpt lat="45.0347461" lon="2.9999998">
        <time>2077-09-27T20:49:10.000Z</time>
      </trkpt>
      <trkpt lat="45.0347730" lon="2.9999998">
        <time>2077-09-27T20:49:11.000Z</time>
      </trkpt>
      <trkpt lat="45.0348007" lon="2.9999998">
        <time>2077-09-27T20:49:12.000Z</time>
      </trkpt>
      <trkpt lat="45.0348255" lon="2.9999998">
        <time>2077-09-27T20:49:13.000Z</time>
      </trkpt>
      <trkpt lat="45.0348529" lon="2.9999998">
        <time>2077-09-27T20:49:14.000Z</time>
      </trkpt>
      <trkpt lat="45.0348778" lon="2.9999998">
        <time>2077-09-27T20:49:15.000Z</time>
      </trkpt>
      <trkpt lat="45.0349032" lon="2.9999998">
        <time>2077-09-27T20:49:16.000Z</time>
      </trkpt>
      <trkpt lat="45.0349285" lon="2.9999998">
        <time>2077-09-27T20:49:17.000Z</time>
      </trkpt>
      <trkpt lat="45.0349555" lon="2.9999998">
        <time>2077-09-27T20:49:18.000Z</time>
      </trkpt>
      <trkpt lat="45.0349821" lon="2.9999998">
        <time>2077-09-27T20:49:19.000Z</time>
      </trkpt>
      <trkpt lat="45.0350065" lon="2.9999998">
        <time>2077-09-27T20:49:20.000Z</time>
      </trkpt>
      <trkpt lat="45.0350324" lon="2.9999998">
        <time>2077-09-27T20:49:21.000Z</time>
      </trkpt>
      <trkpt lat="45.0350602" lon="2.9999998">
        <time>2077-09-27T20:49:22.000Z</time>
      </trkpt>
      <trkpt lat="45.0350843" lon="2.9999998">
        <time>2077-09-27T20:49:23.000Z</time>
      </trkpt>
      <trkpt lat="45.0351081" lon="2.9999998">
        <time>2077-09-27T20:49:24.000Z</time>
      </trkpt>
      <trkpt lat="45.0351347" lon="2.9999998">
        <time>2077-09-27T20:49:25.000Z</time>
      </trkpt>
      <trkpt lat="45.0351618" lon="2.9999998">
        <time>2077-09-27T20:49:26.000Z</time>
      </trkpt>
      <trkpt lat="45.0351868" lon="2.9999998">
        <time>2077-09-27T20:49:27.000Z</time>
      </trkpt>
      <trkpt lat="45.0352117" lon="2.9999998">
        <time>2077-09-27T20:49:28.000Z</time>
      </trkpt>
      <trkpt lat="45.0352391" lon="2.9999998">
        <time>2077-09-27T20:49:29.000Z</time>
      </trkpt>
      <trkpt lat="45.0352663" lon="2.9999998">
        <time>2077-09-27T20:49:30.000Z</time>
      </trkpt>
      <trkpt lat="45.0352940" lon="2.9999998">
        <time>2077-09-27T20:49:31.000Z</time>
      </trkpt>
      <trkpt lat="45.0353215" lon="2.9999998">
        <time>2077-09-27T20:49:32.000Z</time>
      </trkpt>
      <trkpt lat="45.0353470" lon="2.9999998">
        <time>2077-09-27T20:49:33.000Z</time>
      </trkpt>
      <trkpt lat="45.0353734" lon="2.9999999">
        <time>2077-09-27T20:49:34.000Z</time>
      </trkpt>
      <trkpt lat="45.0353992" lon="2.9999999">
        <time>2077-09-27T20:49:35.000Z</time>
      </trkpt>
      <trkpt lat="45.0354267" lon="2.9999999">
        <time>2077-09-27T20:49:36.000Z</time>
      </trkpt>
      <trkpt lat="45.0354513" lon="2.9999999">
        <time>2077-09-27T20:49:37.000Z</time>
      </trkpt>
      <trkpt lat="45.0354793" lon="2.9999999">
        <time>2077-09-27T20:49:38.000Z</time>
      </trkpt>
      <trkpt lat="45.0355069" lon="2.9999999">
        <time>2077-09-27T20:49:39.000Z</time>
      </trkpt>
      <trkpt lat="45.0355307" lon="2.9999999">
        <time>2077-09-27T20:49:40.000Z</time>
      </trkpt>
      <trkpt lat="45.0355557" lon="2.9999999">
        <time>2077-09-27T20:49:41.000Z</time>
      </trkpt>
      <trkpt lat="45.0355828" lon="2.9999999">
        <time>2077-09-27T20:49:42.000Z</time>
      </trkpt>
      <trkpt lat="45.0356108" lon="2.9999999">
        <time>2077-09-27T20:49:43.000Z</time>
      </trkpt>
      <trkpt lat="45.0356382" lon="2.9999999">
        <time>2077-09-27T20:49:44.000Z</time>
      </trkpt>
      <trkpt lat="45.0356658" lon="2.9999999">
        <time>2077-09-27T20:49:45.000Z</time>
      </trkpt>
      <trkpt lat="45.0356914" lon="2.9999999">
        <time>2077-09-27T20:49:46.000Z</time>
      </trkpt>
      <trkpt lat="45.0357177" lon="2.9999999">
        <time>2077-09-27T20:49:47.000Z</time>
      </trkpt>
      <trkpt lat="45.0357415" lon="2.9999999">
        <time>2077-09-27T20:49:48.000Z</time>
      </trkpt>
      <trkpt lat="45.0357676" lon="2.9999999">
        <time>2077-09-27T20:49:49.000Z</time>
      </trkpt>
      <trkpt lat="45.0357956" lon="2.9999999">
        <time>2077-09-27T20:49:50.000Z</time>
      </trkpt>
      <trkpt lat="45.0358209" lon="2.9999999">
        <time>2077-09-27T20:49:51.000Z</time>
      </trkpt>
      <trkpt lat="45.0358471" lon="2.9999999">
        <time>2077-09-27T20:49:52.000Z</time>
      </trkpt>
      <trkpt lat="45.0358724" lon="2.9999999">
        <time>2077-09-27T20:49:53.000Z</time>
      </trkpt>
      <trkpt lat="45.0358992" lon="2.9999999">
        <time>2077-09-27T20:49:54.000Z</time>
      </trkpt>
      <trkpt lat="45.0359237" lon="2.9999999">
        <time>2077-09-27T20:49:55.000Z</time>
      </trkpt>
      <trkpt lat="45.0359504" lon="2.9999999">
        <time>2077-09-27T20:49:56.000Z</time>
      </trkpt>
      <trkpt lat="45.0359757" lon="2.9999999">
        <time>2077-09-27T20:49:57.000Z</time>
      </trkpt>
      <trkpt lat="45.0360005" lon="2.9999999">
        <time>2077-09-27T20:49:58.000Z</time>
      </trkpt>
      <trkpt lat="45.0360243" lon="2.9999999">
        <time>2077-09-27T20:49:59.000Z</time>
      </trkpt>
      <trkpt lat="45.0360498" lon="2.9999999">
        <time>2077-09-27T20:50:00.000Z</time>
      </trkpt>
      <trkpt lat="45.0360768" lon="2.9999999">
        <time>2077-09-27T20:50:01.000Z</time>
      </trkpt>
      <trkpt lat="45.0361022" lon="2.9999999">
        <time>2077-09-27T20:50:02.000Z</time>
      </trkpt>
      <trkpt lat="45.0361270" lon="2.9999999">
        <time>2077-09-27T20:50:03.000Z</time>
      </trkpt>
      <trkpt lat="45.0361530" lon="2.9999999">
        <time>2077-09-27T20:50:04.000Z</time>
      </trkpt>
      <trkpt lat="45.0361785" lon="2.9999999">
        <time>2077-09-27T20:50:05.000Z</time>
      </trkpt>
      <trkpt lat="45.0362053" lon="2.9999999">
        <time>2077-09-27T20:50:06.000Z</time>
      </trkpt>
      <trkpt lat="45.0362328" lon="2.9999999">
        <time>2077-09-27T20:50:07.000Z</time>
      </trkpt>
      <trkpt lat="45.0362608" lon="2.9999999">
        <time>2077-09-27T20:50:08.000Z</time>
      </trkpt>
      <trkpt lat="45.0362888" lon="2.9999999">
        <time>2077-09-27T20:50:09.000Z</time>
      </trkpt>
      <trkpt lat="45.0363145" lon="2.9999999">
        <time>2077-09-27T20:50:10.000Z</time>
      </trkpt>
      <trkpt lat="45.0363403" lon="2.9999999">
        <time>2077-09-27T20:50:11.000Z</time>
      </trkpt>
      <trkpt lat="45.0363680" lon="2.9999999">
        <time>2077-09-27T20:50:12.000Z</time>
      </trkpt>
      <trkpt lat="45.0363956" lon="2.9999999">
        <time>2077-09-27T20:50:13.000Z</time>
      </trkpt>
      <trkpt lat="45.0364198" lon="2.9999999">
        <time>2077-09-27T20:50:14.000Z</time>
      </trkpt>
      <trkpt lat="45.0364467" lon="2.9999999">
        <time>2077-09-27T20:50:15.000Z</time>
      </trkpt>
      <trkpt lat="45.0364733" lon="2.9999999">
        <time>2077-09-27T20:50:16.000Z</time>
      </trkpt>
      <trkpt lat="45.0364989" lon="2.9999999">
        <time>2077-09-27T20:50:17.000Z</time>
      </trkpt>
      <trkpt lat="45.0365269" lon="2.9999999">
        <time>2077-09-27T20:50:18.000Z</time>
      </trkpt>
      <trkpt lat="45.0365524" lon="2.9999999">
        <time>2077-09-27T20:50:19.000Z</time>
      </trkpt>
      <trkpt lat="45.0365784" lon="2.9999999">
        <time>2077-09-27T20:50:20.000Z</time>
      </trkpt>
      <trkpt lat="45.0366065" lon="2.9999999">
        <time>2077-09-27T20:50:21.000Z</time>
      </trkpt>
      <trkpt lat="45.0366344" lon="2.9999999">
        <time>2077-09-27T20:50:22.000Z</time>
      </trkpt>
      <trkpt lat="45.0366620" lon="2.9999999">
        <time>2077-09-27T20:50:23.000Z</time>
      </trkpt>
      <trkpt lat="45.0366889" lon="2.9999999">
        <time>2077-09-27T20:50:24.000Z</time>
      </trkpt>
      <trkpt lat="45.0367138" lon="2.9999999">
        <time>2077-09-27T20:50:25.000Z</time>
      </trkpt>
      <trkpt lat="45.0367376" lon="2.9999999">
        <time>2077-09-27T20:50:26.000Z</time>
      </trkpt>
      <trkpt lat="45.0367616" lon="2.9999998">
        <time>2077-09-27T20:50:27.000Z</time>
      </trkpt>
      <trkpt lat="45.0367890" lon="2.9999998">
        <time>2077-09-27T20:50:28.000Z</time>
      </trkpt>
      <trkpt lat="45.0368163" lon="2.9999998">
        <time>2077-09-27T20:50:29.000Z</time>
      </trkpt>
      <trkpt lat="45.0368429" lon="2.9999998">
        <time>2077-09-27T20:50:30.000Z</time>
      </trkpt>
      <trkpt lat="45.0368688" lon="2.9999998">
        <time>2077-09-27T20:50:31.000Z</time>
      </trkpt>
      <trkpt lat="45.0368949" lon="2.9999999">
        <time>2077-09-27T20:50:32.000Z</time>
      </trkpt>
      <trkpt lat="45.0369199" lon="2.9999999">
        <time>2077-09-27T20:50:33.000Z</time>
      </trkpt>
      <trkpt lat="45.0369475" lon="2.9999999">
        <time>2077-09-27T20:50:34.000Z</time>
      </trkpt>
      <trkpt lat="45.0369748" lon="2.9999998">
        <time>2077-09-27T20:50:35.000Z</time>
      </trkpt>
      <trkpt lat="45.0370012" lon="2.9999998">
        <time>2077-09-27T20:50:36.000Z</time>
      </trkpt>
      <trkpt lat="45.0370282" lon="2.9999999">
        <time>2077-09-27T20:50:37.000Z</time>
      </trkpt>
      <trkpt lat="45.0370551" lon="2.9999999">
        <time>2077-09-27T20:50:38.000Z</time>
      </trkpt>
      <trkpt lat="45.0370799" lon="2.9999999">
        <time>2077-09-27T20:50:39.000Z</time>
      </trkpt>
      <trkpt lat="45.0371078" lon="2.9999999">
        <time>2077-09-27T20:50:40.000Z</time>
      </trkpt>
      <trkpt lat="45.0371335" lon="2.9999999">
        <time>2077-09-27T20:50:41.000Z</time>
      </trkpt>
      <trkpt lat="45.0371575" lon="2.9999999">
        <time>2077-09-27T20:50:42.000Z</time>
      </trkpt>
      <trkpt lat="45.0371840" lon="2.9999999">
        <time>2077-09-27T20:50:43.000Z</time>
      </trkpt>
      <trkpt lat="45.0372087" lon="2.9999999">
        <time>2077-09-27T20:50:44.000Z</time>
      </trkpt>
      <trkpt lat="45.0372324" lon="2.9999999">
        <time>2077-09-27T20:50:45.000Z</time>
      </trkpt>
      <trkpt lat="45.0372589" lon="2.9999999">
        <time>2077-09-27T20:50:46.000Z</time>
      </trkpt>
      <trkpt lat="45.0372832" lon="2.9999999">
        <time>2077-09-27T20:50:47.000Z</time>
      </trkpt>
      <trkpt lat="45.0373082" lon="2.9999999">
        <time>2077-09-27T20:50:48.000Z</time>
      </trkpt>
      <trkpt lat="45.0373327" lon="2.9999999">
        <time>2077-09-27T20:50:49.000Z</time>
      </trkpt>
      <trkpt lat="45.0373600" lon="2.9999999">
        <time>2077-09-27T20:50:50.000Z</time>
      </trkpt>
      <trkpt lat="45.0373879" lon="2.9999999">
        <time>2077-09-27T20:50:51.000Z</time>
      </trkpt>
      <trkpt lat="45.0374146" lon="2.9999999">
        <time>2077-09-27T20:50:52.000Z</time>
      </trkpt>
      <trkpt lat="45.0374426" lon="2.9999999">
        <time>2077-09-27T20:50:53.000Z</time>
      </trkpt>
      <trkpt lat="45.0374705" lon="2.9999999">
        <time>2077-09-27T20:50:54.000Z</time>
      </trkpt>
      <trkpt lat="45.0374982" lon="2.9999999">
        <time>2077-09-27T20:50:55.000Z</time>
      </trkpt>
      <trkpt lat="45.0375232" lon="2.9999999">
        <time>2077-09-27T20:50:56.000Z</time>
      </trkpt>
      <trkpt lat="45.0375497" lon="2.9999999">
        <time>2077-09-27T20:50:57.000Z</time>
      </trkpt>
      <trkpt lat="45.0375747" lon="2.9999999">
        <time>2077-09-27T20:50:58.000Z</time>
      </trkpt>
      <trkpt lat="45.0376013" lon="2.9999999">
        <time>2077-09-27T20:50:59.000Z</time>
      </trkpt>
      <trkpt lat="45.0376274" lon="2.9999999">
        <time>2077-09-27T20:51:00.000Z</time>
      </trkpt>
      <trkpt lat="45.0376520" lon="2.9999999">
        <time>2077-09-27T20:51:01.000Z</time>
      </trkpt>
      <trkpt lat="45.0376772" lon="3.0000000">
        <time>2077-09-27T20:51:02.000Z</time>
      </trkpt>
      <trkpt lat="45.0377017" lon="2.9999999">
        <time>2077-09-27T20:51:03.000Z</time>
      </trkpt>
      <trkpt lat="45.0377272" lon="2.9999999">
        <time>2077-09-27T20:51:04.000Z</time>
      </trkpt>
      <trkpt lat="45.0377543" lon="3.0000000">
        <time>2077-09-27T20:51:05.000Z</time>
      </trkpt>
      <trkpt lat="45.0377822" lon="3.0000000">
        <time>2077-09-27T20:51:06.000Z</time>
      </trkpt>
      <trkpt lat="45.0378097" lon="2.9999999">
        <time>2077-09-27T20:51:07.000Z</time>
      </trkpt>
      <trkpt lat="45.0378367" lon="3.0000000">
        <time>2077-09-27T20:51:08.000Z</time>
      </trkpt>
      <trkpt lat="45.0378606" lon="3.0000000">
        <time>2077-09-27T20:51:09.000Z</time>
      </trkpt>
      <trkpt lat="45.0378873" lon="3.0000000">
        <time>2077-09-27T20:51:10.000Z</time>
      </trkpt>
      <trkpt lat="45.0379115" lon="3.0000000">
        <time>2077-09-27T20:51:11.000Z</time>
      </trkpt>
      <trkpt lat="45.0379388" lon="3.0000000">
        <time>2077-09-27T20:51:12.000Z</time>
      </trkpt>
      <trkpt lat="45.0379630" lon="3.0000000">
        <time>2077-09-27T20:51:13.000Z</time>
      </trkpt>
      <trkpt lat="45.0379870" lon="3.0000000">
        <time>2077-09-27T20:51:14.000Z</time>
      </trkpt>
      <trkpt lat="45.0380128" lon="3.0000000">
        <time>2077-09-27T20:51:15.000Z</time>
      </trkpt>
      <trkpt lat="45.0380371" lon="3.0000000">
        <time>2077-09-27T20:51:16.000Z</time>
      </trkpt>
      <trkpt lat="45.0380613" lon="3.0000000">
        <time>2077-09-27T20:51:17.000Z</time>
      </trkpt>
      <trkpt lat="45.0380855" lon="3.0000000">
        <time>2077-09-27T20:51:18.000Z</time>
      </trkpt>
      <trkpt lat="45.0381130" lon="3.0000000">
        <time>2077-09-27T20:51:19.000Z</time>
      </trkpt>
      <trkpt lat="45.0381391" lon="2.9999999">
        <time>2077-09-27T20:51:20.000Z</time>
      </trkpt>
      <trkpt lat="45.0381653" lon="3.0000000">
        <time>2077-09-27T20:51:21.000Z</time>
      </trkpt>
      <trkpt lat="45.0381915" lon="3.0000000">
        <time>2077-09-27T20:51:22.000Z</time>
      </trkpt>
      <trkpt lat="45.0382192" lon="3.0000000">
        <time>2077-09-27T20:51:23.000Z</time>
      </trkpt>
      <trkpt lat="45.0382451" lon="3.0000000">
        <time>2077-09-27T20:51:24.000Z</time>
      </trkpt>
      <trkpt lat="45.0382716" lon="3.0000000">
        <time>2077-09-27T20:51:25.000Z</time>
      </trkpt>
      <trkpt lat="45.0382952" lon="3.0000000">
        <time>2077-09-27T20:51:26.000Z</time>
      </trkpt>
      <trkpt lat="45.0383189" lon="3.0000000">
        <time>2077-09-27T20:51:27.000Z</time>
      </trkpt>
      <trkpt lat="45.0383469" lon="2.9999999">
        <time>2077-09-27T20:51:28.000Z</time>
      </trkpt>
      <trkpt lat="45.0383732" lon="2.9999999">
        <time>2077-09-27T20:51:29.000Z</time>
      </trkpt>
      <trkpt lat="45.0383968" lon="2.9999999">
        <time>2077-09-27T20:51:30.000Z</time>
      </trkpt>
      <trkpt lat="45.0384207" lon="2.9999999">
        <time>2077-09-27T20:51:31.000Z</time>
      </trkpt>
      <trkpt lat="45.0384464" lon="2.9999999">
        <time>2077-09-27T20:51:32.000Z</time>
      </trkpt>
      <trkpt lat="45.0384714" lon="2.9999999">
        <time>2077-09-27T20:51:33.000Z</time>
      </trkpt>
      <trkpt lat="45.0384994" lon="2.9999999">
        <time>2077-09-27T20:51:34.000Z</time>
      </trkpt>
      <trkpt lat="45.0385234" lon="2.9999999">
        <time>2077-09-27T20:51:35.000Z</time>
      </trkpt>
      <trkpt lat="45.0385490" lon="2.9999999">
        <time>2077-09-27T20:51:36.000Z</time>
      </trkpt>
      <trkpt lat="45.0385762" lon="2.9999999">
        <time>2077-09-27T20:51:37.000Z</time>
      </trkpt>
      <trkpt lat="45.0386024" lon="2.9999999">
        <time>2077-09-27T20:51:38.000Z</time>
      </trkpt>
      <trkpt lat="45.0386286" lon="2.9999999">
        <time>2077-09-27T20:51:39.000Z</time>
      </trkpt>
      <trkpt lat="45.0386545" lon="2.9999999">
        <time>2077-09-27T20:51:40.000Z</time>
      </trkpt>
      <trkpt lat="45.0386801" lon="2.9999999">
        <time>2077-09-27T20:51:41.000Z</time>
      </trkpt>
      <trkpt lat="45.0387044" lon="2.9999999">
        <time>2077-09-27T20:51:42.000Z</time>
      </trkpt>
      <trkpt lat="45.0387283" lon="2.9999999">
        <time>2077-09-27T20:51:43.000Z</time>
      </trkpt>
      <trkpt lat="45.0387544" lon="2.9999999">
        <time>2077-09-27T20:51:44.000Z</time>
      </trkpt>
      <trkpt lat="45.0387816" lon="2.9999999">
        <time>2077-09-27T20:51:45.000Z</time>
      </trkpt>
      <trkpt lat="45.0388074" lon="2.9999999">
        <time>2077-09-27T20:51:46.000Z</time>
      </trkpt>
      <trkpt lat="45.0388346" lon="2.9999999">
        <time>2077-09-27T20:51:47.000Z</time>
      </trkpt>
      <trkpt lat="45.0388600" lon="2.9999999">
        <time>2077-09-27T20:51:48.000Z</time>
      </trkpt>
      <trkpt lat="45.0388837" lon="2.9999999">
        <time>2077-09-27T20:51:49.000Z</time>
      </trkpt>
      <trkpt lat="45.0389095" lon="2.9999999">
        <time>2077-09-27T20:51:50.000Z</time>
      </trkpt>
      <trkpt lat="45.0389345" lon="2.9999999">
        <time>2077-09-27T20:51:51.000Z</time>
      </trkpt>
      <trkpt lat="45.0389596" lon="2.9999999">
        <time>2077-09-27T20:51:52.000Z</time>
      </trkpt>
      <trkpt lat="45.0389862" lon="2.9999999">
        <time>2077-09-27T20:51:53.000Z</time>
      </trkpt>
      <trkpt lat="45.0390138" lon="2.9999999">
        <time>2077-09-27T20:51:54.000Z</time>
      </trkpt>
      <trkpt lat="45.0390407" lon="2.9999999">
        <time>2077-09-27T20:51:55.000Z</time>
      </trkpt>
      <trkpt lat="45.0390664" lon="2.9999999">
        <time>2077-09-27T20:51:56.000Z</time>
      </trkpt>
      <trkpt lat="45.0390934" lon="2.9999999">
        <time>2077-09-27T20:51:57.000Z</time>
      </trkpt>
      <trkpt lat="45.0391207" lon="2.9999999">
        <time>2077-09-27T20:51:58.000Z</time>
      </trkpt>
      <trkpt lat="45.0391452" lon="2.9999999">
        <time>2077-09-27T20:51:59.000Z</time>
      </trkpt>
      <trkpt lat="45.0391729" lon="2.9999999">
        <time>2077-09-27T20:52:00.000Z</time>
      </trkpt>
      <trkpt lat="45.0391975" lon="2.9999999">
        <time>2077-09-27T20:52:01.000Z</time>
      </trkpt>
      <trkpt lat="45.0392242" lon="2.9999999">
        <time>2077-09-27T20:52:02.000Z</time>
      </trkpt>
      <trkpt lat="45.0392517" lon="2.9999999">
        <time>2077-09-27T20:52:03.000Z</time>
      </trkpt>
      <trkpt lat="45.0392754" lon="2.9999999">
        <time>2077-09-27T20:52:04.000Z</time>
      </trkpt>
      <trkpt lat="45.0393035" lon="2.9999999">
        <time>2077-09-27T20:52:05.000Z</time>
      </trkpt>
      <trkpt lat="45.0393311" lon="2.9999999">
        <time>2077-09-27T20:52:06.000Z</time>
      </trkpt>
      <trkpt lat="45.0393570" lon="2.9999999">
        <time>2077-09-27T20:52:07.000Z</time>
      </trkpt>
      <trkpt lat="45.0393825" lon="2.9999999">
        <time>2077-09-27T20:52:08.000Z</time>
      </trkpt>
      <trkpt lat="45.0394071" lon="2.9999999">
        <time>2077-09-27T20:52:09.000Z</time>
      </trkpt>
      <trkpt lat="45.0394315" lon="2.9999999">
        <time>2077-09-27T20:52:10.000Z</time>
      </trkpt>
      <trkpt lat="45.0394560" lon="2.9999999">
        <time>2077-09-27T20:52:11.000Z</time>
      </trkpt>
      <trkpt lat="45.0394798" lon="2.9999999">
        <time>2077-09-27T20:52:12.000Z</time>
      </trkpt>
      <trkpt lat="45.0395053" lon="2.9999999">
        <time>2077-09-27T20:52:13.000Z</time>
      </trkpt>
      <trkpt lat="45.0395316" lon="2.9999999">
        <time>2077-09-27T20:52:14.000Z</time>
      </trkpt>
      <trkpt lat="45.0395587" lon="2.9999999">
        <time>2077-09-27T20:52:15.000Z</time>
      </trkpt>
      <trkpt lat="45.0395824" lon="2.9999999">
        <time>2077-09-27T20:52:16.000Z</time>
      </trkpt>
      <trkpt lat="45.0396079" lon="2.9999999">
        <time>2077-09-27T20:52:17.000Z</time>
      </trkpt>
      <trkpt lat="45.0396347" lon="2.9999999">
        <time>2077-09-27T20:52:18.000Z</time>
      </trkpt>
      <trkpt lat="45.0396586" lon="2.9999999">
        <time>2077-09-27T20:52:19.000Z</time>
      </trkpt>
      <trkpt lat="45.0396830" lon="2.9999999">
        <time>2077-09-27T20:52:20.000Z</time>
      </trkpt>
      <trkpt lat="45.0397109" lon="2.9999999">
        <time>2077-09-27T20:52:21.000Z</time>
      </trkpt>
      <trkpt lat="45.0397363" lon="2.9999999">
        <time>2077-09-27T20:52:22.000Z</time>
      </trkpt>
      <trkpt lat="45.0397635" lon="2.9999999">
        <time>2077-09-27T20:52:23.000Z</time>
      </trkpt>
      <trkpt lat="45.0397911" lon="2.9999999">
        <time>2077-09-27T20:52:24.000Z</time>
      </trkpt>
      <trkpt lat="45.0398184" lon="2.9999999">
        <time>2077-09-27T20:52:25.000Z</time>
      </trkpt>
      <trkpt lat="45.0398428" lon="2.9999999">
        <time>2077-09-27T20:52:26.000Z</time>
      </trkpt>
      <trkpt lat="45.0398681" lon="2.9999999">
        <time>2077-09-27T20:52:27.000Z</time>
      </trkpt>
      <trkpt lat="45.0398927" lon="2.9999999">
        <time>2077-09-27T20:52:28.000Z</time>
      </trkpt>
      <trkpt lat="45.0399171" lon="2.9999999">
        <time>2077-09-27T20:52:29.000Z</time>
      </trkpt>
      <trkpt lat="45.0399425" lon="2.9999999">
        <time>2077-09-27T20:52:30.000Z</time>
      </trkpt>
      <trkpt lat="45.0399705" lon="2.9999999">
        <time>2077-09-27T20:52:31.000Z</time>
      </trkpt>
      <trkpt lat="45.0399971" lon="2.9999999">
        <time>2077-09-27T20:52:32.000Z</time>
      </trkpt>
      <trkpt lat="45.0400237" lon="2.9999999">
        <time>2077-09-27T20:52:33.000Z</time>
      </trkpt>
      <trkpt lat="45.0400513" lon="2.9999999">
        <time>2077-09-27T20:52:34.000Z</time>
      </trkpt>
      <trkpt lat="45.0400754" lon="2.9999999">
        <time>2077-09-27T20:52:35.000Z</time>
      </trkpt>
      <trkpt lat="45.0400999" lon="2.9999999">
        <time>2077-09-27T20:52:36.000Z</time>
      </trkpt>
      <trkpt lat="45.0401272" lon="2.9999999">
        <time>2077-09-27T20:52:37.000Z</time>
      </trkpt>
      <trkpt lat="45.0401531" lon="2.9999999">
        <time>2077-09-27T20:52:38.000Z</time>
      </trkpt>
      <trkpt lat="45.0401794" lon="2.9999999">
        <time>2077-09-27T20:52:39.000Z</time>
      </trkpt>
      <trkpt lat="45.0402064" lon="2.9999999">
        <time>2077-09-27T20:52:40.000Z</time>
      </trkpt>
      <trkpt lat="45.0402339" lon="2.9999999">
        <time>2077-09-27T20:52:41.000Z</time>
      </trkpt>
      <trkpt lat="45.0402610" lon="2.9999999">
        <time>2077-09-27T20:52:42.000Z</time>
      </trkpt>
      <trkpt lat="45.0402890" lon="2.9999999">
        <time>2077-09-27T20:52:43.000Z</time>
      </trkpt>
      <trkpt lat="45.0403140" lon="2.9999999">
        <time>2077-09-27T20:52:44.000Z</time>
      </trkpt>
      <trkpt lat="45.0403406" lon="2.9999999">
        <time>2077-09-27T20:52:45.000Z</time>
      </trkpt>
      <trkpt lat="45.0403665" lon="2.9999999">
        <time>2077-09-27T20:52:46.000Z</time>
      </trkpt>
      <trkpt lat="45.0403903" lon="2.9999999">
        <time>2077-09-27T20:52:47.000Z</time>
      </trkpt>
      <trkpt lat="45.0404158" lon="2.9999999">
        <time>2077-09-27T20:52:48.000Z</time>
      </trkpt>
      <trkpt lat="45.0404416" lon="2.9999999">
        <time>2077-09-27T20:52:49.000Z</time>
      </trkpt>
      <trkpt lat="45.0404679" lon="2.9999999">
        <time>2077-09-27T20:52:50.000Z</time>
      </trkpt>
      <trkpt lat="45.0404928" lon="2.9999999">
        <time>2077-09-27T20:52:51.000Z</time>
      </trkpt>
      <trkpt lat="45.0405204" lon="2.9999999">
        <time>2077-09-27T20:52:52.000Z</time>
      </trkpt>
      <trkpt lat="45.0405472" lon="2.9999999">
        <time>2077-09-27T20:52:53.000Z</time>
      </trkpt>
      <trkpt lat="45.0405740" lon="2.9999999">
        <time>2077-09-27T20:52:54.000Z</time>
      </trkpt>
      <trkpt lat="45.0405993" lon="2.9999999">
        <time>2077-09-27T20:52:55.000Z</time>
      </trkpt>
      <trkpt lat="45.0406273" lon="2.9999999">
        <time>2077-09-27T20:52:56.000Z</time>
      </trkpt>
      <trkpt lat="45.0406540" lon="2.9999999">
        <time>2077-09-27T20:52:57.000Z</time>
      </trkpt>
      <trkpt lat="45.0406782" lon="2.9999999">
        <time>2077-09-27T20:52:58.000Z</time>
      </trkpt>
      <trkpt lat="45.0407059" lon="2.9999999">
        <time>2077-09-27T20:52:59.000Z</time>
      </trkpt>
      <trkpt lat="45.0407329" lon="2.9999999">
        <time>2077-09-27T20:53:00.000Z</time>
      </trkpt>
      <trkpt lat="45.0407594" lon="2.9999999">
        <time>2077-09-27T20:53:01.000Z</time>
      </trkpt>
      <trkpt lat="45.0407863" lon="2.9999999">
        <time>2077-09-27T20:53:02.000Z</time>
      </trkpt>
      <trkpt lat="45.0408121" lon="2.9999999">
        <time>2077-09-27T20:53:03.000Z</time>
      </trkpt>
      <trkpt lat="45.0408391" lon="2.9999999">
        <time>2077-09-27T20:53:04.000Z</time>
      </trkpt>
      <trkpt lat="45.0408647" lon="2.9999999">
        <time>2077-09-27T20:53:05.000Z</time>
      </trkpt>
      <trkpt lat="45.0408888" lon="2.9999999">
        <time>2077-09-27T20:53:06.000Z</time>
      </trkpt>
      <trkpt lat="45.0409126" lon="2.9999999">
        <time>2077-09-27T20:53:07.000Z</time>
      </trkpt>
      <trkpt lat="45.0409399" lon="2.9999999">
        <time>2077-09-27T20:53:08.000Z</time>
      </trkpt>
      <trkpt lat="45.0409660" lon="2.9999999">
        <time>2077-09-27T20:53:09.000Z</time>
      </trkpt>
      <trkpt lat="45.0409941" lon="2.9999999">
        <time>2077-09-27T20:53:10.000Z</time>
      </trkpt>
      <trkpt lat="45.0410182" lon="2.9999999">
        <time>2077-09-27T20:53:11.000Z</time>
      </trkpt>
      <trkpt lat="45.0410457" lon="2.9999999">
        <time>2077-09-27T20:53:12.000Z</time>
      </trkpt>
      <trkpt lat="45.0410738" lon="2.9999999">
        <time>2077-09-27T20:53:13.000Z</time>
      </trkpt>
      <trkpt lat="45.0411004" lon="2.9999999">
        <time>2077-09-27T20:53:14.000Z</time>
      </trkpt>
      <trkpt lat="45.0411264" lon="2.9999999">
        <time>2077-09-27T20:53:15.000Z</time>
      </trkpt>
      <trkpt lat="45.0411537" lon="2.9999998">
        <time>2077-09-27T20:53:16.000Z</time>
      </trkpt>
      <trkpt lat="45.0411784" lon="2.9999999">
        <time>2077-09-27T20:53:17.000Z</time>
      </trkpt>
      <trkpt lat="45.0412030" lon="2.9999998">
        <time>2077-09-27T20:53:18.000Z</time>
      </trkpt>
      <trkpt lat="45.0412284" lon="2.9999998">
        <time>2077-09-27T20:53:19.000Z</time>
      </trkpt>
      <trkpt lat="45.0412528" lon="2.9999998">
        <time>2077-09-27T20:53:20.000Z</time>
      </trkpt>
      <trkpt lat="45.0412772" lon="2.9999998">
        <time>2077-09-27T20:53:21.000Z</time>
      </trkpt>
      <trkpt lat="45.0413037" lon="2.9999998">
        <time>2077-09-27T20:53:22.000Z</time>
      </trkpt>
      <trkpt lat="45.0413286" lon="2.9999998">
        <time>2077-09-27T20:53:23.000Z</time>
      </trkpt>
      <trkpt lat="45.0413562" lon="2.9999998">
        <time>2077-09-27T20:53:24.000Z</time>
      </trkpt>
      <trkpt lat="45.0413823" lon="2.9999998">
        <time>2077-09-27T20:53:25.000Z</time>
      </trkpt>
      <trkpt lat="45.0414076" lon="2.9999998">
        <time>2077-09-27T20:53:26.000Z</time>
      </trkpt>
      <trkpt lat="45.0414334" lon="2.9999998">
        <time>2077-09-27T20:53:27.000Z</time>
      </trkpt>
      <trkpt lat="45.0414611" lon="2.9999998">
        <time>2077-09-27T20:53:28.000Z</time>
      </trkpt>
      <trkpt lat="45.0414868" lon="2.9999998">
        <time>2077-09-27T20:53:29.000Z</time>
      </trkpt>
      <trkpt lat="45.0415106" lon="2.9999998">
        <time>2077-09-27T20:53:30.000Z</time>
      </trkpt>
      <trkpt lat="45.0415368" lon="2.9999998">
        <time>2077-09-27T20:53:31.000Z</time>
      </trkpt>
      <trkpt lat="45.0415613" lon="2.9999998">
        <time>2077-09-27T20:53:32.000Z</time>
      </trkpt>
      <trkpt lat="45.0415878" lon="2.9999998">
        <time>2077-09-27T20:53:33.000Z</time>
      </trkpt>
      <trkpt lat="45.0416129" lon="2.9999998">
        <time>2077-09-27T20:53:34.000Z</time>
      </trkpt>
      <trkpt lat="45.0416400" lon="2.9999998">
        <time>2077-09-27T20:53:35.000Z</time>
      </trkpt>
      <trkpt lat="45.0416676" lon="2.9999998">
        <time>2077-09-27T20:53:36.000Z</time>
      </trkpt>
      <trkpt lat="45.0416925" lon="2.9999998">
        <time>2077-09-27T20:53:37.000Z</time>
      </trkpt>
      <trkpt lat="45.0417171" lon="2.9999998">
        <time>2077-09-27T20:53:38.000Z</time>
      </trkpt>
      <trkpt lat="45.0417430" lon="2.9999998">
        <time>2077-09-27T20:53:39.000Z</time>
      </trkpt>
      <trkpt lat="45.0417674" lon="2.9999998">
        <time>2077-09-27T20:53:40.000Z</time>
      </trkpt>
      <trkpt lat="45.0417939" lon="2.9999998">
        <time>2077-09-27T20:53:41.000Z</time>
      </trkpt>
      <trkpt lat="45.0418180" lon="2.9999998">
        <time>2077-09-27T20:53:42.000Z</time>
      </trkpt>
      <trkpt lat="45.0418449" lon="2.9999998">
        <time>2077-09-27T20:53:43.000Z</time>
      </trkpt>
      <trkpt lat="45.0418697" lon="2.9999998">
        <time>2077-09-27T20:53:44.000Z</time>
      </trkpt>
      <trkpt lat="45.0418934" lon="2.9999998">
        <time>2077-09-27T20:53:45.000Z</time>
      </trkpt>
      <trkpt lat="45.0419184" lon="2.9999998">
        <time>2077-09-27T20:53:46.000Z</time>
      </trkpt>
      <trkpt lat="45.0419443" lon="2.9999998">
        <time>2077-09-27T20:53:47.000Z</time>
      </trkpt>
      <trkpt lat="45.0419718" lon="2.9999998">
        <time>2077-09-27T20:53:48.000Z</time>
      </trkpt>
      <trkpt lat="45.0419993" lon="2.9999998">
        <time>2077-09-27T20:53:49.000Z</time>
      </trkpt>
      <trkpt lat="45.0420238" lon="2.9999998">
        <time>2077-09-27T20:53:50.000Z</time>
      </trkpt>
      <trkpt lat="45.0420496" lon="2.9999998">
        <time>2077-09-27T20:53:51.000Z</time>
      </trkpt>
      <trkpt lat="45.0420767" lon="2.9999998">
        <time>2077-09-27T20:53:52.000Z</time>
      </trkpt>
      <trkpt lat="45.0421006" lon="2.9999998">
        <time>2077-09-27T20:53:53.000Z</time>
      </trkpt>
      <trkpt lat="45.0421266" lon="2.9999998">
        <time>2077-09-27T20:53:54.000Z</time>
      </trkpt>
      <trkpt lat="45.0421504" lon="2.9999998">
        <time>2077-09-27T20:53:55.000Z</time>
      </trkpt>
      <trkpt lat="45.0421768" lon="2.9999998">
        <time>2077-09-27T20:53:56.000Z</time>
      </trkpt>
      <trkpt lat="45.0422017" lon="2.9999998">
        <time>2077-09-27T20:53:57.000Z</time>
      </trkpt>
      <trkpt lat="45.0422298" lon="2.9999998">
        <time>2077-09-27T20:53:58.000Z</time>
      </trkpt>
      <trkpt lat="45.0422568" lon="2.9999998">
        <time>2077-09-27T20:53:59.000Z</time>
      </trkpt>
      <trkpt lat="45.0422825" lon="2.9999998">
        <time>2077-09-27T20:54:00.000Z</time>
      </trkpt>
      <trkpt lat="45.0423085" lon="2.9999998">
        <time>2077-09-27T20:54:01.000Z</time>
      </trkpt>
      <trkpt lat="45.0423337" lon="2.9999998">
        <time>2077-09-27T20:54:02.000Z</time>
      </trkpt>
      <trkpt lat="45.0423588" lon="2.9999998">
        <time>2077-09-27T20:54:03.000Z</time>
      </trkpt>
      <trkpt lat="45.0423832" lon="2.9999998">
        <time>2077-09-27T20:54:04.000Z</time>
      </trkpt>
      <trkpt lat="45.0424070" lon="2.9999998">
        <time>2077-09-27T20:54:05.000Z</time>
      </trkpt>
      <trkpt lat="45.0424329" lon="2.9999998">
        <time>2077-09-27T20:54:06.000Z</time>
      </trkpt>
      <trkpt lat="45.0424587" lon="2.9999997">
        <time>2077-09-27T20:54:07.000Z</time>
      </trkpt>
      <trkpt lat="45.0424827" lon="2.9999998">
        <time>2077-09-27T20:54:08.000Z</time>
      </trkpt>
      <trkpt lat="45.0425092" lon="2.9999998">
        <time>2077-09-27T20:54:09.000Z</time>
      </trkpt>
      <trkpt lat="45.0425356" lon="2.9999998">
        <time>2077-09-27T20:54:10.000Z</time>
      </trkpt>
      <trkpt lat="45.0425618" lon="2.9999998">
        <time>2077-09-27T20:54:11.000Z</time>
      </trkpt>
      <trkpt lat="45.0425884" lon="2.9999998">
        <time>2077-09-27T20:54:12.000Z</time>
      </trkpt>
      <trkpt lat="45.0426124" lon="2.9999998">
        <time>2077-09-27T20:54:13.000Z</time>
      </trkpt>
      <trkpt lat="45.0426368" lon="2.9999998">
        <time>2077-09-27T20:54:14.000Z</time>
      </trkpt>
      <trkpt lat="45.0426645" lon="2.9999998">
        <time>2077-09-27T20:54:15.000Z</time>
      </trkpt>
      <trkpt lat="45.0426894" lon="2.9999998">
        <time>2077-09-27T20:54:16.000Z</time>
      </trkpt>
      <trkpt lat="45.0427137" lon="2.9999998">
        <time>2077-09-27T20:54:17.000Z</time>
      </trkpt>
      <trkpt lat="45.0427407" lon="2.9999998">
        <time>2077-09-27T20:54:18.000Z</time>
      </trkpt>
      <trkpt lat="45.0427674" lon="2.9999998">
        <time>2077-09-27T20:54:19.000Z</time>
      </trkpt>
      <trkpt lat="45.0427913" lon="2.9999998">
        <time>2077-09-27T20:54:20.000Z</time>
      </trkpt>
      <trkpt lat="45.0428193" lon="2.9999998">
        <time>2077-09-27T20:54:21.000Z</time>
      </trkpt>
      <trkpt lat="45.0428431" lon="2.9999998">
        <time>2077-09-27T20:54:22.000Z</time>
      </trkpt>
      <trkpt lat="45.0428704" lon="2.9999998">
        <time>2077-09-27T20:54:23.000Z</time>
      </trkpt>
      <trkpt lat="45.0428955" lon="2.9999998">
        <time>2077-09-27T20:54:24.000Z</time>
      </trkpt>
      <trkpt lat="45.0429210" lon="2.9999998">
        <time>2077-09-27T20:54:25.000Z</time>
      </trkpt>
      <trkpt lat="45.0429482" lon="2.9999998">
        <time>2077-09-27T20:54:26.000Z</time>
      </trkpt>
      <trkpt lat="45.0429742" lon="2.9999998">
        <time>2077-09-27T20:54:27.000Z</time>
      </trkpt>
      <trkpt lat="45.0429984" lon="2.9999998">
        <time>2077-09-27T20:54:28.000Z</time>
      </trkpt>
      <trkpt lat="45.0430230" lon="2.9999998">
        <time>2077-09-27T20:54:29.000Z</time>
      </trkpt>
      <trkpt lat="45.0430494" lon="2.9999998">
        <time>2077-09-27T20:54:30.000Z</time>
      </trkpt>
      <trkpt lat="45.0430736" lon="2.9999998">
        <time>2077-09-27T20:54:31.000Z</time>
      </trkpt>
      <trkpt lat="45.0431015" lon="2.9999998">
        <time>2077-09-27T20:54:32.000Z</time>
      </trkpt>
      <trkpt lat="45.0431265" lon="2.9999998">
        <time>2077-09-27T20:54:33.000Z</time>
      </trkpt>
      <trkpt lat="45.0431542" lon="2.9999998">
        <time>2077-09-27T20:54:34.000Z</time>
      </trkpt>
      <trkpt lat="45.0431812" lon="2.9999998">
        <time>2077-09-27T20:54:35.000Z</time>
      </trkpt>
      <trkpt lat="45.0432093" lon="2.9999998">
        <time>2077-09-27T20:54:36.000Z</time>
      </trkpt>
      <trkpt lat="45.0432366" lon="2.9999998">
        <time>2077-09-27T20:54:37.000Z</time>
      </trkpt>
      <trkpt lat="45.0432647" lon="2.9999998">
        <time>2077-09-27T20:54:38.000Z</time>
      </trkpt>
      <trkpt lat="45.0432906" lon="2.9999998">
        <time>2077-09-27T20:54:39.000Z</time>
      </trkpt>
      <trkpt lat="45.0433181" lon="2.9999998">
        <time>2077-09-27T20:54:40.000Z</time>
      </trkpt>
      <trkpt lat="45.0433449" lon="2.9999997">
        <time>2077-09-27T20:54:41.000Z</time>
      </trkpt>
      <trkpt lat="45.0433698" lon="2.9999997">
        <time>2077-09-27T20:54:42.000Z</time>
      </trkpt>
      <trkpt lat="45.0433955" lon="2.9999997">
        <time>2077-09-27T20:54:43.000Z</time>
      </trkpt>
      <trkpt lat="45.0434236" lon="2.9999997">
        <time>2077-09-27T20:54:44.000Z</time>
      </trkpt>
      <trkpt lat="45.0434473" lon="2.9999997">
        <time>2077-09-27T20:54:45.000Z</time>
      </trkpt>
      <trkpt lat="45.0434739" lon="2.9999997">
        <time>2077-09-27T20:54:46.000Z</time>
      </trkpt>
      <trkpt lat="45.0434981" lon="2.9999997">
        <time>2077-09-27T20:54:47.000Z</time>
      </trkpt>
      <trkpt lat="45.0435259" lon="2.9999997">
        <time>2077-09-27T20:54:48.000Z</time>
      </trkpt>
      <trkpt lat="45.0435514" lon="2.9999997">
        <time>2077-09-27T20:54:49.000Z</time>
      </trkpt>
      <trkpt lat="45.0435775" lon="2.9999997">
        <time>2077-09-27T20:54:50.000Z</time>
      </trkpt>
      <trkpt lat="45.0436052" lon="2.9999997">
        <time>2077-09-27T20:54:51.000Z</time>
      </trkpt>
      <trkpt lat="45.0436326" lon="2.9999997">
        <time>2077-09-27T20:54:52.000Z</time>
      </trkpt>
      <trkpt lat="45.0436584" lon="2.9999997">
        <time>2077-09-27T20:54:53.000Z</time>
      </trkpt>
      <trkpt lat="45.0436835" lon="2.9999997">
        <time>2077-09-27T20:54:54.000Z</time>
      </trkpt>
      <trkpt lat="45.0437115" lon="2.9999997">
        <time>2077-09-27T20:54:55.000Z</time>
      </trkpt>
      <trkpt lat="45.0437363" lon="2.9999997">
        <time>2077-09-27T20:54:56.000Z</time>
      </trkpt>
      <trkpt lat="45.0437629" lon="2.9999997">
        <time>2077-09-27T20:54:57.000Z</time>
      </trkpt>
      <trkpt lat="45.0437899" lon="2.9999997">
        <time>2077-09-27T20:54:58.000Z</time>
      </trkpt>
      <trkpt lat="45.0438181" lon="2.9999997">
        <time>2077-09-27T20:54:59.000Z</time>
      </trkpt>
      <trkpt lat="45.0438452" lon="2.9999997">
        <time>2077-09-27T20:55:00.000Z</time>
      </trkpt>
      <trkpt lat="45.0438695" lon="2.9999997">
        <time>2077-09-27T20:55:01.000Z</time>
      </trkpt>
      <trkpt lat="45.0438968" lon="2.9999997">
        <time>2077-09-27T20:55:02.000Z</time>
      </trkpt>
      <trkpt lat="45.0439243" lon="2.9999997">
        <time>2077-09-27T20:55:03.000Z</time>
      </trkpt>
      <trkpt lat="45.0439491" lon="2.9999997">
        <time>2077-09-27T20:55:04.000Z</time>
      </trkpt>
      <trkpt lat="45.0439755" lon="2.9999996">
        <time>2077-09-27T20:55:05.000Z</time>
      </trkpt>
      <trkpt lat="45.0440024" lon="2.9999996">
        <time>2077-09-27T20:55:06.000Z</time>
      </trkpt>
      <trkpt lat="45.0440280" lon="2.9999996">
        <time>2077-09-27T20:55:07.000Z</time>
      </trkpt>
      <trkpt lat="45.0440529" lon="2.9999996">
        <time>2077-09-27T20:55:08.000Z</time>
      </trkpt>
      <trkpt lat="45.0440797" lon="2.9999996">
        <time>2077-09-27T20:55:09.000Z</time>
      </trkpt>
      <trkpt lat="45.0441038" lon="2.9999996">
        <time>2077-09-27T20:55:10.000Z</time>
      </trkpt>
      <trkpt lat="45.0441312" lon="2.9999996">
        <time>2077-09-27T20:55:11.000Z</time>
      </trkpt>
      <trkpt lat="45.0441581" lon="2.9999996">
        <time>2077-09-27T20:55:12.000Z</time>
      </trkpt>
      <trkpt lat="45.0441862" lon="2.9999996">
        <time>2077-09-27T20:55:13.000Z</time>
      </trkpt>
      <trkpt lat="45.0442143" lon="2.9999996">
        <time>2077-09-27T20:55:14.000Z</time>
      </trkpt>
      <trkpt lat="45.0442386" lon="2.9999996">
        <time>2077-09-27T20:55:15.000Z</time>
      </trkpt>
      <trkpt lat="45.0442631" lon="2.9999996">
        <time>2077-09-27T20:55:16.000Z</time>
      </trkpt>
      <trkpt lat="45.0442911" lon="2.9999996">
        <time>2077-09-27T20:55:17.000Z</time>
      </trkpt>
      <trkpt lat="45.0443171" lon="2.9999996">
        <time>2077-09-27T20:55:18.000Z</time>
      </trkpt>
      <trkpt lat="45.0443441" lon="2.9999996">
        <time>2077-09-27T20:55:19.000Z</time>
      </trkpt>
      <trkpt lat="45.0443712" lon="2.9999996">
        <time>2077-09-27T20:55:20.000Z</time>
      </trkpt>
      <trkpt lat="45.0443958" lon="2.9999996">
        <time>2077-09-27T20:55:21.000Z</time>
      </trkpt>
      <trkpt lat="45.0444198" lon="2.9999996">
        <time>2077-09-27T20:55:22.000Z</time>
      </trkpt>
      <trkpt lat="45.0444450" lon="2.9999996">
        <time>2077-09-27T20:55:23.000Z</time>
      </trkpt>
      <trkpt lat="45.0444723" lon="2.9999996">
        <time>2077-09-27T20:55:24.000Z</time>
      </trkpt>
      <trkpt lat="45.0444985" lon="2.9999996">
        <time>2077-09-27T20:55:25.000Z</time>
      </trkpt>
      <trkpt lat="45.0445258" lon="2.9999996">
        <time>2077-09-27T20:55:26.000Z</time>
      </trkpt>
      <trkpt lat="45.0445519" lon="2.9999996">
        <time>2077-09-27T20:55:27.000Z</time>
      </trkpt>
      <trkpt lat="45.0445773" lon="2.9999996">
        <time>2077-09-27T20:55:28.000Z</time>
      </trkpt>
      <trkpt lat="45.0446026" lon="2.9999997">
        <time>2077-09-27T20:55:29.000Z</time>
      </trkpt>
      <trkpt lat="45.0446294" lon="2.9999997">
        <time>2077-09-27T20:55:30.000Z</time>
      </trkpt>
      <trkpt lat="45.0446537" lon="2.9999997">
        <time>2077-09-27T20:55:31.000Z</time>
      </trkpt>
      <trkpt lat="45.0446797" lon="2.9999997">
        <time>2077-09-27T20:55:32.000Z</time>
      </trkpt>
      <trkpt lat="45.0447053" lon="2.9999997">
        <time>2077-09-27T20:55:33.000Z</time>
      </trkpt>
      <trkpt lat="45.0447313" lon="2.9999996">
        <time>2077-09-27T20:55:34.000Z</time>
      </trkpt>
      <trkpt lat="45.0447581" lon="2.9999996">
        <time>2077-09-27T20:55:35.000Z</time>
      </trkpt>
      <trkpt lat="45.0447862" lon="2.9999996">
        <time>2077-09-27T20:55:36.000Z</time>
      </trkpt>
      <trkpt lat="45.0448116" lon="2.9999996">
        <time>2077-09-27T20:55:37.000Z</time>
      </trkpt>
      <trkpt lat="45.0448373" lon="2.9999996">
        <time>2077-09-27T20:55:38.000Z</time>
      </trkpt>
      <trkpt lat="45.0448626" lon="2.9999996">
        <time>2077-09-27T20:55:39.000Z</time>
      </trkpt>
      <trkpt lat="45.0448891" lon="2.9999996">
        <time>2077-09-27T20:55:40.000Z</time>
      </trkpt>
      <trkpt lat="45.0449135" lon="2.9999996">
        <time>2077-09-27T20:55:41.000Z</time>
      </trkpt>
      <trkpt lat="45.0449377" lon="2.9999997">
        <time>2077-09-27T20:55:42.000Z</time>
      </trkpt>
      <trkpt lat="45.0449623" lon="2.9999997">
        <time>2077-09-27T20:55:43.000Z</time>
      </trkpt>
      <trkpt lat="45.0449875" lon="2.9999997">
        <time>2077-09-27T20:55:44.000Z</time>
      </trkpt>
      <trkpt lat="45.0450117" lon="2.9999997">
        <time>2077-09-27T20:55:45.000Z</time>
      </trkpt>
      <trkpt lat="45.0450394" lon="2.9999997">
        <time>2077-09-27T20:55:46.000Z</time>
      </trkpt>
      <trkpt lat="45.0450675" lon="2.9999997">
        <time>2077-09-27T20:55:47.000Z</time>
      </trkpt>
      <trkpt lat="45.0450924" lon="2.9999996">
        <time>2077-09-27T20:55:48.000Z</time>
      </trkpt>
      <trkpt lat="45.0451188" lon="2.9999996">
        <time>2077-09-27T20:55:49.000Z</time>
      </trkpt>
      <trkpt lat="45.0451460" lon="2.9999996">
        <time>2077-09-27T20:55:50.000Z</time>
      </trkpt>
      <trkpt lat="45.0451708" lon="2.9999996">
        <time>2077-09-27T20:55:51.000Z</time>
      </trkpt>
      <trkpt lat="45.0451958" lon="2.9999996">
        <time>2077-09-27T20:55:52.000Z</time>
      </trkpt>
      <trkpt lat="45.0452227" lon="2.9999996">
        <time>2077-09-27T20:55:53.000Z</time>
      </trkpt>
      <trkpt lat="45.0452480" lon="2.9999996">
        <time>2077-09-27T20:55:54.000Z</time>
      </trkpt>
      <trkpt lat="45.0452759" lon="2.9999996">
        <time>2077-09-27T20:55:55.000Z</time>
      </trkpt>
      <trkpt lat="45.0453003" lon="2.9999996">
        <time>2077-09-27T20:55:56.000Z</time>
      </trkpt>
      <trkpt lat="45.0453252" lon="2.9999996">
        <time>2077-09-27T20:55:57.000Z</time>
      </trkpt>
      <trkpt lat="45.0453526" lon="2.9999996">
        <time>2077-09-27T20:55:58.000Z</time>
      </trkpt>
      <trkpt lat="45.0453770" lon="2.9999996">
        <time>2077-09-27T20:55:59.000Z</time>
      </trkpt>
      <trkpt lat="45.0454037" lon="2.9999996">
        <time>2077-09-27T20:56:00.000Z</time>
      </trkpt>
      <trkpt lat="45.0454286" lon="2.9999996">
        <time>2077-09-27T20:56:01.000Z</time>
      </trkpt>
      <trkpt lat="45.0454545" lon="2.9999996">
        <time>2077-09-27T20:56:02.000Z</time>
      </trkpt>
      <trkpt lat="45.0454787" lon="2.9999996">
        <time>2077-09-27T20:56:03.000Z</time>
      </trkpt>
      <trkpt lat="45.0455061" lon="2.9999996">
        <time>2077-09-27T20:56:04.000Z</time>
      </trkpt>
      <trkpt lat="45.0455301" lon="2.9999996">
        <time>2077-09-27T20:56:05.000Z</time>
      </trkpt>
      <trkpt lat="45.0455582" lon="2.9999996">
        <time>2077-09-27T20:56:06.000Z</time>
      </trkpt>
      <trkpt lat="45.0455822" lon="2.9999996">
        <time>2077-09-27T20:56:07.000Z</time>
      </trkpt>
      <trkpt lat="45.0456095" lon="2.9999996">
        <time>2077-09-27T20:56:08.000Z</time>
      </trkpt>
      <trkpt lat="45.0456345" lon="2.9999996">
        <time>2077-09-27T20:56:09.000Z</time>
      </trkpt>
      <trkpt lat="45.0456622" lon="2.9999996">
        <time>2077-09-27T20:56:10.000Z</time>
      </trkpt>
      <trkpt lat="45.0456876" lon="2.9999996">
        <time>2077-09-27T20:56:11.000Z</time>
      </trkpt>
      <trkpt lat="45.0457136" lon="2.9999996">
        <time>2077-09-27T20:56:12.000Z</time>
      </trkpt>
      <trkpt lat="45.0457378" lon="2.9999996">
        <time>2077-09-27T20:56:13.000Z</time>
      </trkpt>
      <trkpt lat="45.0457621" lon="2.9999996">
        <time>2077-09-27T20:56:14.000Z</time>
      </trkpt>
      <trkpt lat="45.0457863" lon="2.9999996">
        <time>2077-09-27T20:56:15.000Z</time>
      </trkpt>
      <trkpt lat="45.0458130" lon="2.9999996">
        <time>2077-09-27T20:56:16.000Z</time>
      </trkpt>
      <trkpt lat="45.0458372" lon="2.9999996">
        <time>2077-09-27T20:56:17.000Z</time>
      </trkpt>
      <trkpt lat="45.0458633" lon="2.9999996">
        <time>2077-09-27T20:56:18.000Z</time>
      </trkpt>
      <trkpt lat="45.0458873" lon="2.9999996">
        <time>2077-09-27T20:56:19.000Z</time>
      </trkpt>
      <trkpt lat="45.0459141" lon="2.9999996">
        <time>2077-09-27T20:56:20.000Z</time>
      </trkpt>
      <trkpt lat="45.0459406" lon="2.9999996">
        <time>2077-09-27T20:56:21.000Z</time>
      </trkpt>
      <trkpt lat="45.0459650" lon="2.9999996">
        <time>2077-09-27T20:56:22.000Z</time>
      </trkpt>
      <trkpt lat="45.0459928" lon="2.9999996">
        <time>2077-09-27T20:56:23.000Z</time>
      </trkpt>
      <trkpt lat="45.0460172" lon="2.9999996">
        <time>2077-09-27T20:56:24.000Z</time>
      </trkpt>
      <trkpt lat="45.0460425" lon="2.9999996">
        <time>2077-09-27T20:56:25.000Z</time>
      </trkpt>
      <trkpt lat="45.0460665" lon="2.9999996">
        <time>2077-09-27T20:56:26.000Z</time>
      </trkpt>
      <trkpt lat="45.0460940" lon="2.9999996">
        <time>2077-09-27T20:56:27.000Z</time>
      </trkpt>
      <trkpt lat="45.0461217" lon="2.9999996">
        <time>2077-09-27T20:56:28.000Z</time>
      </trkpt>
      <trkpt lat="45.0461462" lon="2.9999996">
        <time>2077-09-27T20:56:29.000Z</time>
      </trkpt>
      <trkpt lat="45.0461741" lon="2.9999996">
        <time>2077-09-27T20:56:30.000Z</time>
      </trkpt>
      <trkpt lat="45.0461987" lon="2.9999996">
        <time>2077-09-27T20:56:31.000Z</time>
      </trkpt>
      <trkpt lat="45.0462240" lon="2.9999996">
        <time>2077-09-27T20:56:32.000Z</time>
      </trkpt>
      <trkpt lat="45.0462520" lon="2.9999996">
        <time>2077-09-27T20:56:33.000Z</time>
      </trkpt>
      <trkpt lat="45.0462787" lon="2.9999997">
        <time>2077-09-27T20:56:34.000Z</time>
      </trkpt>
      <trkpt lat="45.0463035" lon="2.9999996">
        <time>2077-09-27T20:56:35.000Z</time>
      </trkpt>
      <trkpt lat="45.0463281" lon="2.9999997">
        <time>2077-09-27T20:56:36.000Z</time>
      </trkpt>
      <trkpt lat="45.0463520" lon="2.9999997">
        <time>2077-09-27T20:56:37.000Z</time>
      </trkpt>
      <trkpt lat="45.0463802" lon="2.9999997">
        <time>2077-09-27T20:56:38.000Z</time>
      </trkpt>
      <trkpt lat="45.0464083" lon="2.9999997">
        <time>2077-09-27T20:56:39.000Z</time>
      </trkpt>
      <trkpt lat="45.0464325" lon="2.9999997">
        <time>2077-09-27T20:56:40.000Z</time>
      </trkpt>
      <trkpt lat="45.0464566" lon="2.9999997">
        <time>2077-09-27T20:56:41.000Z</time>
      </trkpt>
      <trkpt lat="45.0464822" lon="2.9999997">
        <time>2077-09-27T20:56:42.000Z</time>
      </trkpt>
      <trkpt lat="45.0465092" lon="2.9999997">
        <time>2077-09-27T20:56:43.000Z</time>
      </trkpt>
      <trkpt lat="45.0465369" lon="2.9999996">
        <time>2077-09-27T20:56:44.000Z</time>
      </trkpt>
      <trkpt lat="45.0465631" lon="2.9999996">
        <time>2077-09-27T20:56:45.000Z</time>
      </trkpt>
      <trkpt lat="45.0465892" lon="2.9999996">
        <time>2077-09-27T20:56:46.000Z</time>
      </trkpt>
      <trkpt lat="45.0466131" lon="2.9999996">
        <time>2077-09-27T20:56:47.000Z</time>
      </trkpt>
      <trkpt lat="45.0466409" lon="2.9999996">
        <time>2077-09-27T20:56:48.000Z</time>
      </trkpt>
      <trkpt lat="45.0466663" lon="2.9999997">
        <time>2077-09-27T20:56:49.000Z</time>
      </trkpt>
      <trkpt lat="45.0466911" lon="2.9999997">
        <time>2077-09-27T20:56:50.000Z</time>
      </trkpt>
      <trkpt lat="45.0467174" lon="2.9999996">
        <time>2077-09-27T20:56:51.000Z</time>
      </trkpt>
      <trkpt lat="45.0467416" lon="2.9999996">
        <time>2077-09-27T20:56:52.000Z</time>
      </trkpt>
      <trkpt lat="45.0467696" lon="2.9999996">
        <time>2077-09-27T20:56:53.000Z</time>
      </trkpt>
      <trkpt lat="45.0467972" lon="2.9999997">
        <time>2077-09-27T20:56:54.000Z</time>
      </trkpt>
      <trkpt lat="45.0468240" lon="2.9999997">
        <time>2077-09-27T20:56:55.000Z</time>
      </trkpt>
      <trkpt lat="45.0468507" lon="2.9999997">
        <time>2077-09-27T20:56:56.000Z</time>
      </trkpt>
      <trkpt lat="45.0468760" lon="2.9999997">
        <time>2077-09-27T20:56:57.000Z</time>
      </trkpt>
      <trkpt lat="45.0468999" lon="2.9999997">
        <time>2077-09-27T20:56:58.000Z</time>
      </trkpt>
      <trkpt lat="45.0469274" lon="2.9999997">
        <time>2077-09-27T20:56:59.000Z</time>
      </trkpt>
      <trkpt lat="45.0469554" lon="2.9999997">
        <time>2077-09-27T20:57:00.000Z</time>
      </trkpt>
      <trkpt lat="45.0469797" lon="2.9999997">
        <time>2077-09-27T20:57:01.000Z</time>
      </trkpt>
      <trkpt lat="45.0470059" lon="2.9999997">
        <time>2077-09-27T20:57:02.000Z</time>
      </trkpt>
      <trkpt lat="45.0470306" lon="2.9999997">
        <time>2077-09-27T20:57:03.000Z</time>
      </trkpt>
      <trkpt lat="45.0470566" lon="2.9999997">
        <time>2077-09-27T20:57:04.000Z</time>
      </trkpt>
      <trkpt lat="45.0470827" lon="2.9999997">
        <time>2077-09-27T20:57:05.000Z</time>
      </trkpt>
      <trkpt lat="45.0471084" lon="2.9999997">
        <time>2077-09-27T20:57:06.000Z</time>
      </trkpt>
      <trkpt lat="45.0471342" lon="2.9999997">
        <time>2077-09-27T20:57:07.000Z</time>
      </trkpt>
      <trkpt lat="45.0471588" lon="2.9999997">
        <time>2077-09-27T20:57:08.000Z</time>
      </trkpt>
      <trkpt lat="45.0471863" lon="2.9999997">
        <time>2077-09-27T20:57:09.000Z</time>
      </trkpt>
      <trkpt lat="45.0472103" lon="2.9999997">
        <time>2077-09-27T20:57:10.000Z</time>
      </trkpt>
      <trkpt lat="45.0472360" lon="2.9999997">
        <time>2077-09-27T20:57:11.000Z</time>
      </trkpt>
      <trkpt lat="45.0472627" lon="2.9999997">
        <time>2077-09-27T20:57:12.000Z</time>
      </trkpt>
      <trkpt lat="45.0472899" lon="2.9999997">
        <time>2077-09-27T20:57:13.000Z</time>
      </trkpt>
      <trkpt lat="45.0473170" lon="2.9999997">
        <time>2077-09-27T20:57:14.000Z</time>
      </trkpt>
      <trkpt lat="45.0473419" lon="2.9999997">
        <time>2077-09-27T20:57:15.000Z</time>
      </trkpt>
      <trkpt lat="45.0473664" lon="2.9999997">
        <time>2077-09-27T20:57:16.000Z</time>
      </trkpt>
      <trkpt lat="45.0473911" lon="2.9999997">
        <time>2077-09-27T20:57:17.000Z</time>
      </trkpt>
      <trkpt lat="45.0474176" lon="2.9999997">
        <time>2077-09-27T20:57:18.000Z</time>
      </trkpt>
      <trkpt lat="45.0474421" lon="2.9999997">
        <time>2077-09-27T20:57:19.000Z</time>
      </trkpt>
      <trkpt lat="45.0474688" lon="2.9999997">
        <time>2077-09-27T20:57:20.000Z</time>
      </trkpt>
      <trkpt lat="45.0474950" lon="2.9999997">
        <time>2077-09-27T20:57:21.000Z</time>
      </trkpt>
      <trkpt lat="45.0475227" lon="2.9999997">
        <time>2077-09-27T20:57:22.000Z</time>
      </trkpt>
      <trkpt lat="45.0475470" lon="2.9999997">
        <time>2077-09-27T20:57:23.000Z</time>
      </trkpt>
      <trkpt lat="45.0475711" lon="2.9999997">
        <time>2077-09-27T20:57:24.000Z</time>
      </trkpt>
      <trkpt lat="45.0475950" lon="2.9999997">
        <time>2077-09-27T20:57:25.000Z</time>
      </trkpt>
      <trkpt lat="45.0476197" lon="2.9999997">
        <time>2077-09-27T20:57:26.000Z</time>
      </trkpt>
      <trkpt lat="45.0476444" lon="2.9999997">
        <time>2077-09-27T20:57:27.000Z</time>
      </trkpt>
      <trkpt lat="45.0476691" lon="2.9999997">
        <time>2077-09-27T20:57:28.000Z</time>
      </trkpt>
      <trkpt lat="45.0476944" lon="2.9999997">
        <time>2077-09-27T20:57:29.000Z</time>
      </trkpt>
      <trkpt lat="45.0477184" lon="2.9999997">
        <time>2077-09-27T20:57:30.000Z</time>
      </trkpt>
      <trkpt lat="45.0477442" lon="2.9999997">
        <time>2077-09-27T20:57:31.000Z</time>
      </trkpt>
      <trkpt lat="45.0477713" lon="2.9999997">
        <time>2077-09-27T20:57:32.000Z</time>
      </trkpt>
      <trkpt lat="45.0477966" lon="2.9999997">
        <time>2077-09-27T20:57:33.000Z</time>
      </trkpt>
      <trkpt lat="45.0478210" lon="2.9999997">
        <time>2077-09-27T20:57:34.000Z</time>
      </trkpt>
      <trkpt lat="45.0478462" lon="2.9999997">
        <time>2077-09-27T20:57:35.000Z</time>
      </trkpt>
      <trkpt lat="45.0478706" lon="2.9999997">
        <time>2077-09-27T20:57:36.000Z</time>
      </trkpt>
      <trkpt lat="45.0478958" lon="2.9999997">
        <time>2077-09-27T20:57:37.000Z</time>
      </trkpt>
      <trkpt lat="45.0479205" lon="2.9999997">
        <time>2077-09-27T20:57:38.000Z</time>
      </trkpt>
      <trkpt lat="45.0479470" lon="2.9999997">
        <time>2077-09-27T20:57:39.000Z</time>
      </trkpt>
      <trkpt lat="45.0479712" lon="2.9999997">
        <time>2077-09-27T20:57:40.000Z</time>
      </trkpt>
      <trkpt lat="45.0479973" lon="2.9999997">
        <time>2077-09-27T20:57:41.000Z</time>
      </trkpt>
      <trkpt lat="45.0480225" lon="2.9999997">
        <time>2077-09-27T20:57:42.000Z</time>
      </trkpt>
      <trkpt lat="45.0480470" lon="2.9999998">
        <time>2077-09-27T20:57:43.000Z</time>
      </trkpt>
      <trkpt lat="45.0480740" lon="2.9999998">
        <time>2077-09-27T20:57:44.000Z</time>
      </trkpt>
      <trkpt lat="45.0481009" lon="2.9999998">
        <time>2077-09-27T20:57:45.000Z</time>
      </trkpt>
      <trkpt lat="45.0481258" lon="2.9999998">
        <time>2077-09-27T20:57:46.000Z</time>
      </trkpt>
      <trkpt lat="45.0481519" lon="2.9999998">
        <time>2077-09-27T20:57:47.000Z</time>
      </trkpt>
      <trkpt lat="45.0481762" lon="2.9999998">
        <time>2077-09-27T20:57:48.000Z</time>
      </trkpt>
      <trkpt lat="45.0482023" lon="2.9999998">
        <time>2077-09-27T20:57:49.000Z</time>
      </trkpt>
      <trkpt lat="45.0482264" lon="2.9999998">
        <time>2077-09-27T20:57:50.000Z</time>
      </trkpt>
      <trkpt lat="45.0482529" lon="2.9999998">
        <time>2077-09-27T20:57:51.000Z</time>
      </trkpt>
      <trkpt lat="45.0482809" lon="2.9999998">
        <time>2077-09-27T20:57:52.000Z</time>
      </trkpt>
      <trkpt lat="45.0483049" lon="2.9999998">
        <time>2077-09-27T20:57:53.000Z</time>
      </trkpt>
      <trkpt lat="45.0483325" lon="2.9999998">
        <time>2077-09-27T20:57:54.000Z</time>
      </trkpt>
      <trkpt lat="45.0483604" lon="2.9999998">
        <time>2077-09-27T20:57:55.000Z</time>
      </trkpt>
      <trkpt lat="45.0483874" lon="2.9999998">
        <time>2077-09-27T20:57:56.000Z</time>
      </trkpt>
      <trkpt lat="45.0484154" lon="2.9999998">
        <time>2077-09-27T20:57:57.000Z</time>
      </trkpt>
      <trkpt lat="45.0484422" lon="2.9999998">
        <time>2077-09-27T20:57:58.000Z</time>
      </trkpt>
      <trkpt lat="45.0484674" lon="2.9999998">
        <time>2077-09-27T20:57:59.000Z</time>
      </trkpt>
      <trkpt lat="45.0484944" lon="2.9999998">
        <time>2077-09-27T20:58:00.000Z</time>
      </trkpt>
      <trkpt lat="45.0485209" lon="2.9999998">
        <time>2077-09-27T20:58:01.000Z</time>
      </trkpt>
      <trkpt lat="45.0485490" lon="2.9999998">
        <time>2077-09-27T20:58:02.000Z</time>
      </trkpt>
      <trkpt lat="45.0485752" lon="2.9999998">
        <time>2077-09-27T20:58:03.000Z</time>
      </trkpt>
      <trkpt lat="45.0486005" lon="2.9999998">
        <time>2077-09-27T20:58:04.000Z</time>
      </trkpt>
      <trkpt lat="45.0486264" lon="2.9999998">
        <time>2077-09-27T20:58:05.000Z</time>
      </trkpt>
      <trkpt lat="45.0486542" lon="2.9999998">
        <time>2077-09-27T20:58:06.000Z</time>
      </trkpt>
      <trkpt lat="45.0486806" lon="2.9999998">
        <time>2077-09-27T20:58:07.000Z</time>
      </trkpt>
      <trkpt lat="45.0487045" lon="2.9999998">
        <time>2077-09-27T20:58:08.000Z</time>
      </trkpt>
      <trkpt lat="45.0487302" lon="2.9999998">
        <time>2077-09-27T20:58:09.000Z</time>
      </trkpt>
      <trkpt lat="45.0487549" lon="2.9999998">
        <time>2077-09-27T20:58:10.000Z</time>
      </trkpt>
      <trkpt lat="45.0487829" lon="2.9999998">
        <time>2077-09-27T20:58:11.000Z</time>
      </trkpt>
      <trkpt lat="45.0488104" lon="2.9999998">
        <time>2077-09-27T20:58:12.000Z</time>
      </trkpt>
      <trkpt lat="45.0488354" lon="2.9999998">
        <time>2077-09-27T20:58:13.000Z</time>
      </trkpt>
      <trkpt lat="45.0488605" lon="2.9999998">
        <time>2077-09-27T20:58:14.000Z</time>
      </trkpt>
      <trkpt lat="45.0488859" lon="2.9999998">
        <time>2077-09-27T20:58:15.000Z</time>
      </trkpt>
      <trkpt lat="45.0489099" lon="2.9999998">
        <time>2077-09-27T20:58:16.000Z</time>
      </trkpt>
      <trkpt lat="45.0489342" lon="2.9999998">
        <time>2077-09-27T20:58:17.000Z</time>
      </trkpt>
      <trkpt lat="45.0489613" lon="2.9999998">
        <time>2077-09-27T20:58:18.000Z</time>
      </trkpt>
      <trkpt lat="45.0489882" lon="2.9999998">
        <time>2077-09-27T20:58:19.000Z</time>
      </trkpt>
      <trkpt lat="45.0490125" lon="2.9999998">
        <time>2077-09-27T20:58:20.000Z</time>
      </trkpt>
      <trkpt lat="45.0490395" lon="2.9999998">
        <time>2077-09-27T20:58:21.000Z</time>
      </trkpt>
      <trkpt lat="45.0490673" lon="2.9999998">
        <time>2077-09-27T20:58:22.000Z</time>
      </trkpt>
      <trkpt lat="45.0490950" lon="2.9999997">
        <time>2077-09-27T20:58:23.000Z</time>
      </trkpt>
      <trkpt lat="45.0491193" lon="2.9999998">
        <time>2077-09-27T20:58:24.000Z</time>
      </trkpt>
      <trkpt lat="45.0491460" lon="2.9999998">
        <time>2077-09-27T20:58:25.000Z</time>
      </trkpt>
      <trkpt lat="45.0491724" lon="2.9999998">
        <time>2077-09-27T20:58:26.000Z</time>
      </trkpt>
      <trkpt lat="45.0491993" lon="2.9999997">
        <time>2077-09-27T20:58:27.000Z</time>
      </trkpt>
      <trkpt lat="45.0492245" lon="2.9999998">
        <time>2077-09-27T20:58:28.000Z</time>
      </trkpt>
      <trkpt lat="45.0492522" lon="2.9999998">
        <time>2077-09-27T20:58:29.000Z</time>
      </trkpt>
      <trkpt lat="45.0492760" lon="2.9999998">
        <time>2077-09-27T20:58:30.000Z</time>
      </trkpt>
      <trkpt lat="45.0493027" lon="2.9999998">
        <time>2077-09-27T20:58:31.000Z</time>
      </trkpt>
      <trkpt lat="45.0493281" lon="2.9999998">
        <time>2077-09-27T20:58:32.000Z</time>
      </trkpt>
      <trkpt lat="45.0493543" lon="2.9999998">
        <time>2077-09-27T20:58:33.000Z</time>
      </trkpt>
      <trkpt lat="45.0493792" lon="2.9999998">
        <time>2077-09-27T20:58:34.000Z</time>
      </trkpt>
      <trkpt lat="45.0494035" lon="2.9999998">
        <time>2077-09-27T20:58:35.000Z</time>
      </trkpt>
      <trkpt lat="45.0494316" lon="2.9999998">
        <time>2077-09-27T20:58:36.000Z</time>
      </trkpt>
      <trkpt lat="45.0494562" lon="2.9999998">
        <time>2077-09-27T20:58:37.000Z</time>
      </trkpt>
      <trkpt lat="45.0494844" lon="2.9999998">
        <time>2077-09-27T20:58:38.000Z</time>
      </trkpt>
      <trkpt lat="45.0495118" lon="2.9999998">
        <time>2077-09-27T20:58:39.000Z</time>
      </trkpt>
      <trkpt lat="45.0495396" lon="2.9999998">
        <time>2077-09-27T20:58:40.000Z</time>
      </trkpt>
      <trkpt lat="45.0495647" lon="2.9999998">
        <time>2077-09-27T20:58:41.000Z</time>
      </trkpt>
      <trkpt lat="45.0495927" lon="2.9999998">
        <time>2077-09-27T20:58:42.000Z</time>
      </trkpt>
      <trkpt lat="45.0496191" lon="2.9999998">
        <time>2077-09-27T20:58:43.000Z</time>
      </trkpt>
      <trkpt lat="45.0496461" lon="2.9999998">
        <time>2077-09-27T20:58:44.000Z</time>
      </trkpt>
      <trkpt lat="45.0496726" lon="2.9999998">
        <time>2077-09-27T20:58:45.000Z</time>
      </trkpt>
      <trkpt lat="45.0496990" lon="2.9999998">
        <time>2077-09-27T20:58:46.000Z</time>
      </trkpt>
      <trkpt lat="45.0497250" lon="2.9999998">
        <time>2077-09-27T20:58:47.000Z</time>
      </trkpt>
      <trkpt lat="45.0497528" lon="2.9999998">
        <time>2077-09-27T20:58:48.000Z</time>
      </trkpt>
      <trkpt lat="45.0497777" lon="2.9999998">
        <time>2077-09-27T20:58:49.000Z</time>
      </trkpt>
      <trkpt lat="45.0498059" lon="2.9999998">
        <time>2077-09-27T20:58:50.000Z</time>
      </trkpt>
      <trkpt lat="45.0498326" lon="2.9999998">
        <time>2077-09-27T20:58:51.000Z</time>
      </trkpt>
      <trkpt lat="45.0498602" lon="2.9999998">
        <time>2077-09-27T20:58:52.000Z</time>
      </trkpt>
      <trkpt lat="45.0498878" lon="2.9999998">
        <time>2077-09-27T20:58:53.000Z</time>
      </trkpt>
      <trkpt lat="45.0499123" lon="2.9999998">
        <time>2077-09-27T20:58:54.000Z</time>
      </trkpt>
      <trkpt lat="45.0499391" lon="2.9999999">
        <time>2077-09-27T20:58:55.000Z</time>
      </trkpt>
      <trkpt lat="45.0499661" lon="2.9999998">
        <time>2077-09-27T20:58:56.000Z</time>
      </trkpt>
      <trkpt lat="45.0499932" lon="2.9999998">
        <time>2077-09-27T20:58:57.000Z</time>
      </trkpt>
      <trkpt lat="45.0500211" lon="2.9999998">
        <time>2077-09-27T20:58:58.000Z</time>
      </trkpt>
      <trkpt lat="45.0500481" lon="2.9999998">
        <time>2077-09-27T20:58:59.000Z</time>
      </trkpt>
      <trkpt lat="45.0500758" lon="2.9999998">
        <time>2077-09-27T20:59:00.000Z</time>
      </trkpt>
      <trkpt lat="45.0500998" lon="2.9999998">
        <time>2077-09-27T20:59:01.000Z</time>
      </trkpt>
      <trkpt lat="45.0501262" lon="2.9999999">
        <time>2077-09-27T20:59:02.000Z</time>
      </trkpt>
      <trkpt lat="45.0501524" lon="2.9999999">
        <time>2077-09-27T20:59:03.000Z</time>
      </trkpt>
      <trkpt lat="45.0501782" lon="2.9999999">
        <time>2077-09-27T20:59:04.000Z</time>
      </trkpt>
      <trkpt lat="45.0502026" lon="2.9999999">
        <time>2077-09-27T20:59:05.000Z</time>
      </trkpt>
      <trkpt lat="45.0502289" lon="2.9999999">
        <time>2077-09-27T20:59:06.000Z</time>
      </trkpt>
      <trkpt lat="45.0502554" lon="2.9999998">
        <time>2077-09-27T20:59:07.000Z</time>
      </trkpt>
      <trkpt lat="45.0502811" lon="2.9999998">
        <time>2077-09-27T20:59:08.000Z</time>
      </trkpt>
      <trkpt lat="45.0503055" lon="2.9999998">
        <time>2077-09-27T20:59:09.000Z</time>
      </trkpt>
      <trkpt lat="45.0503332" lon="2.9999999">
        <time>2077-09-27T20:59:10.000Z</time>
      </trkpt>
      <trkpt lat="45.0503598" lon="2.9999998">
        <time>2077-09-27T20:59:11.000Z</time>
      </trkpt>
      <trkpt lat="45.0503863" lon="2.9999999">
        <time>2077-09-27T20:59:12.000Z</time>
      </trkpt>
      <trkpt lat="45.0504110" lon="2.9999999">
        <time>2077-09-27T20:59:13.000Z</time>
      </trkpt>
      <trkpt lat="45.0504366" lon="2.9999998">
        <time>2077-09-27T20:59:14.000Z</time>
      </trkpt>
      <trkpt lat="45.0504638" lon="2.9999999">
        <time>2077-09-27T20:59:15.000Z</time>
      </trkpt>
      <trkpt lat="45.0504891" lon="2.9999999">
        <time>2077-09-27T20:59:16.000Z</time>
      </trkpt>
      <trkpt lat="45.0505135" lon="2.9999999">
        <time>2077-09-27T20:59:17.000Z</time>
      </trkpt>
      <trkpt lat="45.0505399" lon="2.9999999">
        <time>2077-09-27T20:59:18.000Z</time>
      </trkpt>
      <trkpt lat="45.0505673" lon="2.9999999">
        <time>2077-09-27T20:59:19.000Z</time>
      </trkpt>
      <trkpt lat="45.0505921" lon="2.9999999">
        <time>2077-09-27T20:59:20.000Z</time>
      </trkpt>
      <trkpt lat="45.0506176" lon="2.9999999">
        <time>2077-09-27T20:59:21.000Z</time>
      </trkpt>
      <trkpt lat="45.0506425" lon="2.9999999">
        <time>2077-09-27T20:59:22.000Z</time>
      </trkpt>
      <trkpt lat="45.0506678" lon="2.9999999">
        <time>2077-09-27T20:59:23.000Z</time>
      </trkpt>
      <trkpt lat="45.0506938" lon="2.9999999">
        <time>2077-09-27T20:59:24.000Z</time>
      </trkpt>
      <trkpt lat="45.0507190" lon="2.9999999">
        <time>2077-09-27T20:59:25.000Z</time>
      </trkpt>
      <trkpt lat="45.0507438" lon="2.9999999">
        <time>2077-09-27T20:59:26.000Z</time>
      </trkpt>
      <trkpt lat="45.0507679" lon="2.9999999">
        <time>2077-09-27T20:59:27.000Z</time>
      </trkpt>
      <trkpt lat="45.0507961" lon="2.9999999">
        <time>2077-09-27T20:59:28.000Z</time>
      </trkpt>
      <trkpt lat="45.0508205" lon="2.9999999">
        <time>2077-09-27T20:59:29.000Z</time>
      </trkpt>
      <trkpt lat="45.0508457" lon="2.9999999">
        <time>2077-09-27T20:59:30.000Z</time>
      </trkpt>
      <trkpt lat="45.0508712" lon="2.9999999">
        <time>2077-09-27T20:59:31.000Z</time>
      </trkpt>
      <trkpt lat="45.0508975" lon="2.9999999">
        <time>2077-09-27T20:59:32.000Z</time>
      </trkpt>
      <trkpt lat="45.0509256" lon="2.9999999">
        <time>2077-09-27T20:59:33.000Z</time>
      </trkpt>
      <trkpt lat="45.0509534" lon="2.9999999">
        <time>2077-09-27T20:59:34.000Z</time>
      </trkpt>
      <trkpt lat="45.0509811" lon="2.9999999">
        <time>2077-09-27T20:59:35.000Z</time>
      </trkpt>
      <trkpt lat="45.0510052" lon="2.9999999">
        <time>2077-09-27T20:59:36.000Z</time>
      </trkpt>
      <trkpt lat="45.0510304" lon="2.9999999">
        <time>2077-09-27T20:59:37.000Z</time>
      </trkpt>
      <trkpt lat="45.0510584" lon="2.9999999">
        <time>2077-09-27T20:59:38.000Z</time>
      </trkpt>
      <trkpt lat="45.0510823" lon="2.9999999">
        <time>2077-09-27T20:59:39.000Z</time>
      </trkpt>
      <trkpt lat="45.0511080" lon="2.9999999">
        <time>2077-09-27T20:59:40.000Z</time>
      </trkpt>
      <trkpt lat="45.0511329" lon="2.9999999">
        <time>2077-09-27T20:59:41.000Z</time>
      </trkpt>
      <trkpt lat="45.0511573" lon="2.9999999">
        <time>2077-09-27T20:59:42.000Z</time>
      </trkpt>
      <trkpt lat="45.0511812" lon="2.9999999">
        <time>2077-09-27T20:59:43.000Z</time>
      </trkpt>
      <trkpt lat="45.0512051" lon="2.9999999">
        <time>2077-09-27T20:59:44.000Z</time>
      </trkpt>
      <trkpt lat="45.0512333" lon="2.9999999">
        <time>2077-09-27T20:59:45.000Z</time>
      </trkpt>
      <trkpt lat="45.0512599" lon="2.9999999">
        <time>2077-09-27T20:59:46.000Z</time>
      </trkpt>
      <trkpt lat="45.0512867" lon="2.9999999">
        <time>2077-09-27T20:59:47.000Z</time>
      </trkpt>
      <trkpt lat="45.0513138" lon="2.9999999">
        <time>2077-09-27T20:59:48.000Z</time>
      </trkpt>
      <trkpt lat="45.0513416" lon="2.9999999">
        <time>2077-09-27T20:59:49.000Z</time>
      </trkpt>
      <trkpt lat="45.0513664" lon="2.9999999">
        <time>2077-09-27T20:59:50.000Z</time>
      </trkpt>
      <trkpt lat="45.0513913" lon="2.9999999">
        <time>2077-09-27T20:59:51.000Z</time>
      </trkpt>
      <trkpt lat="45.0514177" lon="2.9999999">
        <time>2077-09-27T20:59:52.000Z</time>
      </trkpt>
      <trkpt lat="45.0514435" lon="2.9999999">
        <time>2077-09-27T20:59:53.000Z</time>
      </trkpt>
      <trkpt lat="45.0514687" lon="2.9999999">
        <time>2077-09-27T20:59:54.000Z</time>
      </trkpt>
      <trkpt lat="45.0514941" lon="2.9999999">
        <time>2077-09-27T20:59:55.000Z</time>
      </trkpt>
      <trkpt lat="45.0515185" lon="2.9999999">
        <time>2077-09-27T20:59:56.000Z</time>
      </trkpt>
      <trkpt lat="45.0515453" lon="2.9999999">
        <time>2077-09-27T20:59:57.000Z</time>
      </trkpt>
      <trkpt lat="45.0515699" lon="2.9999999">
        <time>2077-09-27T20:59:58.000Z</time>
      </trkpt>
      <trkpt lat="45.0515941" lon="2.9999999">
        <time>2077-09-27T20:59:59.000Z</time>
      </trkpt>
      <trkpt lat="45.0516207" lon="2.9999999">
        <time>2077-09-27T21:00:00.000Z</time>
      </trkpt>
      <trkpt lat="45.0516466" lon="2.9999999">
        <time>2077-09-27T21:00:01.000Z</time>
      </trkpt>
      <trkpt lat="45.0516721" lon="2.9999999">
        <time>2077-09-27T21:00:02.000Z</time>
      </trkpt>
      <trkpt lat="45.0516960" lon="2.9999999">
        <time>2077-09-27T21:00:03.000Z</time>
      </trkpt>
      <trkpt lat="45.0517230" lon="2.9999999">
        <time>2077-09-27T21:00:04.000Z</time>
      </trkpt>
      <trkpt lat="45.0517504" lon="2.9999999">
        <time>2077-09-27T21:00:05.000Z</time>
      </trkpt>
      <trkpt lat="45.0517750" lon="2.9999999">
        <time>2077-09-27T21:00:06.000Z</time>
      </trkpt>
      <trkpt lat="45.0518015" lon="2.9999999">
        <time>2077-09-27T21:00:07.000Z</time>
      </trkpt>
      <trkpt lat="45.0518287" lon="2.9999999">
        <time>2077-09-27T21:00:08.000Z</time>
      </trkpt>
      <trkpt lat="45.0518536" lon="2.9999999">
        <time>2077-09-27T21:00:09.000Z</time>
      </trkpt>
      <trkpt lat="45.0518809" lon="2.9999999">
        <time>2077-09-27T21:00:10.000Z</time>
      </trkpt>
      <trkpt lat="45.0519070" lon="2.9999999">
        <time>2077-09-27T21:00:11.000Z</time>
      </trkpt>
      <trkpt lat="45.0519335" lon="2.9999999">
        <time>2077-09-27T21:00:12.000Z</time>
      </trkpt>
      <trkpt lat="45.0519599" lon="2.9999999">
        <time>2077-09-27T21:00:13.000Z</time>
      </trkpt>
      <trkpt lat="45.0519852" lon="2.9999999">
        <time>2077-09-27T21:00:14.000Z</time>
      </trkpt>
      <trkpt lat="45.0520092" lon="3.0000000">
        <time>2077-09-27T21:00:15.000Z</time>
      </trkpt>
      <trkpt lat="45.0520336" lon="3.0000000">
        <time>2077-09-27T21:00:16.000Z</time>
      </trkpt>
      <trkpt lat="45.0520583" lon="3.0000000">
        <time>2077-09-27T21:00:17.000Z</time>
      </trkpt>
      <trkpt lat="45.0520840" lon="3.0000000">
        <time>2077-09-27T21:00:18.000Z</time>
      </trkpt>
      <trkpt lat="45.0521092" lon="3.0000000">
        <time>2077-09-27T21:00:19.000Z</time>
      </trkpt>
      <trkpt lat="45.0521331" lon="3.0000000">
        <time>2077-09-27T21:00:20.000Z</time>
      </trkpt>
      <trkpt lat="45.0521591" lon="3.0000000">
        <time>2077-09-27T21:00:21.000Z</time>
      </trkpt>
      <trkpt lat="45.0521856" lon="3.0000000">
        <time>2077-09-27T21:00:22.000Z</time>
      </trkpt>
      <trkpt lat="45.0522117" lon="3.0000000">
        <time>2077-09-27T21:00:23.000Z</time>
      </trkpt>
      <trkpt lat="45.0522360" lon="3.0000000">
        <time>2077-09-27T21:00:24.000Z</time>
      </trkpt>
      <trkpt lat="45.0522621" lon="3.0000000">
        <time>2077-09-27T21:00:25.000Z</time>
      </trkpt>
      <trkpt lat="45.0522901" lon="2.9999999">
        <time>2077-09-27T21:00:26.000Z</time>
      </trkpt>
      <trkpt lat="45.0523164" lon="3.0000000">
        <time>2077-09-27T21:00:27.000Z</time>
      </trkpt>
      <trkpt lat="45.0523444" lon="2.9999999">
        <time>2077-09-27T21:00:28.000Z</time>
      </trkpt>
      <trkpt lat="45.0523718" lon="3.0000000">
        <time>2077-09-27T21:00:29.000Z</time>
      </trkpt>
      <trkpt lat="45.0523956" lon="3.0000000">
        <time>2077-09-27T21:00:30.000Z</time>
      </trkpt>
      <trkpt lat="45.0524206" lon="3.0000000">
        <time>2077-09-27T21:00:31.000Z</time>
      </trkpt>
      <trkpt lat="45.0524480" lon="3.0000000">
        <time>2077-09-27T21:00:32.000Z</time>
      </trkpt>
      <trkpt lat="45.0524728" lon="3.0000000">
        <time>2077-09-27T21:00:33.000Z</time>
      </trkpt>
      <trkpt lat="45.0524991" lon="3.0000000">
        <time>2077-09-27T21:00:34.000Z</time>
      </trkpt>
      <trkpt lat="45.0525235" lon="3.0000000">
        <time>2077-09-27T21:00:35.000Z</time>
      </trkpt>
      <trkpt lat="45.0525504" lon="3.0000000">
        <time>2077-09-27T21:00:36.000Z</time>
      </trkpt>
      <trkpt lat="45.0525783" lon="3.0000000">
        <time>2077-09-27T21:00:37.000Z</time>
      </trkpt>
      <trkpt lat="45.0526041" lon="3.0000000">
        <time>2077-09-27T21:00:38.000Z</time>
      </trkpt>
      <trkpt lat="45.0526304" lon="3.0000000">
        <time>2077-09-27T21:00:39.000Z</time>
      </trkpt>
      <trkpt lat="45.0526562" lon="3.0000000">
        <time>2077-09-27T21:00:40.000Z</time>
      </trkpt>
      <trkpt lat="45.0526831" lon="3.0000000">
        <time>2077-09-27T21:00:41.000Z</time>
      </trkpt>
      <trkpt lat="45.0527102" lon="3.0000000">
        <time>2077-09-27T21:00:42.000Z</time>
      </trkpt>
      <trkpt lat="45.0527352" lon="3.0000000">
        <time>2077-09-27T21:00:43.000Z</time>
      </trkpt>
      <trkpt lat="45.0527611" lon="3.0000000">
        <time>2077-09-27T21:00:44.000Z</time>
      </trkpt>
      <trkpt lat="45.0527851" lon="3.0000000">
        <time>2077-09-27T21:00:45.000Z</time>
      </trkpt>
      <trkpt lat="45.0528126" lon="3.0000000">
        <time>2077-09-27T21:00:46.000Z</time>
      </trkpt>
      <trkpt lat="45.0528382" lon="3.0000000">
        <time>2077-09-27T21:00:47.000Z</time>
      </trkpt>
      <trkpt lat="45.0528649" lon="3.0000000">
        <time>2077-09-27T21:00:48.000Z</time>
      </trkpt>
      <trkpt lat="45.0528920" lon="3.0000000">
        <time>2077-09-27T21:00:49.000Z</time>
      </trkpt>
      <trkpt lat="45.0529178" lon="3.0000000">
        <time>2077-09-27T21:00:50.000Z</time>
      </trkpt>
      <trkpt lat="45.0529417" lon="3.0000000">
        <time>2077-09-27T21:00:51.000Z</time>
      </trkpt>
      <trkpt lat="45.0529696" lon="3.0000000">
        <time>2077-09-27T21:00:52.000Z</time>
      </trkpt>
      <trkpt lat="45.0529943" lon="3.0000000">
        <time>2077-09-27T21:00:53.000Z</time>
      </trkpt>
      <trkpt lat="45.0530209" lon="3.0000000">
        <time>2077-09-27T21:00:54.000Z</time>
      </trkpt>
      <trkpt lat="45.0530483" lon="3.0000000">
        <time>2077-09-27T21:00:55.000Z</time>
      </trkpt>
      <trkpt lat="45.0530756" lon="3.0000000">
        <time>2077-09-27T21:00:56.000Z</time>
      </trkpt>
      <trkpt lat="45.0531009" lon="3.0000000">
        <time>2077-09-27T21:00:57.000Z</time>
      </trkpt>
      <trkpt lat="45.0531271" lon="3.0000000">
        <time>2077-09-27T21:00:58.000Z</time>
      </trkpt>
      <trkpt lat="45.0531527" lon="3.0000000">
        <time>2077-09-27T21:00:59.000Z</time>
      </trkpt>
      <trkpt lat="45.0531791" lon="3.0000000">
        <time>2077-09-27T21:01:00.000Z</time>
      </trkpt>
      <trkpt lat="45.0532031" lon="3.0000000">
        <time>2077-09-27T21:01:01.000Z</time>
      </trkpt>
      <trkpt lat="45.0532284" lon="3.0000000">
        <time>2077-09-27T21:01:02.000Z</time>
      </trkpt>
      <trkpt lat="45.0532536" lon="3.0000000">
        <time>2077-09-27T21:01:03.000Z</time>
      </trkpt>
      <trkpt lat="45.0532801" lon="3.0000000">
        <time>2077-09-27T21:01:04.000Z</time>
      </trkpt>
      <trkpt lat="45.0533054" lon="3.0000000">
        <time>2077-09-27T21:01:05.000Z</time>
      </trkpt>
      <trkpt lat="45.0533312" lon="3.0000000">
        <time>2077-09-27T21:01:06.000Z</time>
      </trkpt>
      <trkpt lat="45.0533576" lon="3.0000000">
        <time>2077-09-27T21:01:07.000Z</time>
      </trkpt>
      <trkpt lat="45.0533815" lon="3.0000000">
        <time>2077-09-27T21:01:08.000Z</time>
      </trkpt>
      <trkpt lat="45.0534074" lon="3.0000000">
        <time>2077-09-27T21:01:09.000Z</time>
      </trkpt>
      <trkpt lat="45.0534317" lon="3.0000000">
        <time>2077-09-27T21:01:10.000Z</time>
      </trkpt>
      <trkpt lat="45.0534588" lon="3.0000000">
        <time>2077-09-27T21:01:11.000Z</time>
      </trkpt>
      <trkpt lat="45.0534831" lon="3.0000000">
        <time>2077-09-27T21:01:12.000Z</time>
      </trkpt>
      <trkpt lat="45.0535083" lon="3.0000000">
        <time>2077-09-27T21:01:13.000Z</time>
      </trkpt>
      <trkpt lat="45.0535331" lon="3.0000000">
        <time>2077-09-27T21:01:14.000Z</time>
      </trkpt>
      <trkpt lat="45.0535580" lon="3.0000000">
        <time>2077-09-27T21:01:15.000Z</time>
      </trkpt>
      <trkpt lat="45.0535821" lon="3.0000000">
        <time>2077-09-27T21:01:16.000Z</time>
      </trkpt>
      <trkpt lat="45.0536064" lon="3.0000000">
        <time>2077-09-27T21:01:17.000Z</time>
      </trkpt>
      <trkpt lat="45.0536319" lon="3.0000000">
        <time>2077-09-27T21:01:18.000Z</time>
      </trkpt>
      <trkpt lat="45.0536577" lon="3.0000000">
        <time>2077-09-27T21:01:19.000Z</time>
      </trkpt>
      <trkpt lat="45.0536858" lon="3.0000000">
        <time>2077-09-27T21:01:20.000Z</time>
      </trkpt>
      <trkpt lat="45.0537128" lon="3.0000000">
        <time>2077-09-27T21:01:21.000Z</time>
      </trkpt>
      <trkpt lat="45.0537383" lon="3.0000000">
        <time>2077-09-27T21:01:22.000Z</time>
      </trkpt>
      <trkpt lat="45.0537646" lon="3.0000000">
        <time>2077-09-27T21:01:23.000Z</time>
      </trkpt>
      <trkpt lat="45.0537908" lon="3.0000000">
        <time>2077-09-27T21:01:24.000Z</time>
      </trkpt>
      <trkpt lat="45.0538171" lon="3.0000000">
        <time>2077-09-27T21:01:25.000Z</time>
      </trkpt>
      <trkpt lat="45.0538439" lon="3.0000000">
        <time>2077-09-27T21:01:26.000Z</time>
      </trkpt>
      <trkpt lat="45.0538703" lon="3.0000000">
        <time>2077-09-27T21:01:27.000Z</time>
      </trkpt>
      <trkpt lat="45.0538968" lon="3.0000000">
        <time>2077-09-27T21:01:28.000Z</time>
      </trkpt>
      <trkpt lat="45.0539231" lon="3.0000000">
        <time>2077-09-27T21:01:29.000Z</time>
      </trkpt>
      <trkpt lat="45.0539505" lon="3.0000000">
        <time>2077-09-27T21:01:30.000Z</time>
      </trkpt>
      <trkpt lat="45.0539749" lon="3.0000000">
        <time>2077-09-27T21:01:31.000Z</time>
      </trkpt>
      <trkpt lat="45.0539993" lon="3.0000000">
        <time>2077-09-27T21:01:32.000Z</time>
      </trkpt>
      <trkpt lat="45.0540275" lon="3.0000000">
        <time>2077-09-27T21:01:33.000Z</time>
      </trkpt>
      <trkpt lat="45.0540537" lon="3.0000000">
        <time>2077-09-27T21:01:34.000Z</time>
      </trkpt>
      <trkpt lat="45.0540795" lon="3.0000000">
        <time>2077-09-27T21:01:35.000Z</time>
      </trkpt>
      <trkpt lat="45.0541038" lon="3.0000000">
        <time>2077-09-27T21:01:36.000Z</time>
      </trkpt>
      <trkpt lat="45.0541283" lon="3.0000000">
        <time>2077-09-27T21:01:37.000Z</time>
      </trkpt>
      <trkpt lat="45.0541537" lon="3.0000000">
        <time>2077-09-27T21:01:38.000Z</time>
      </trkpt>
      <trkpt lat="45.0541812" lon="3.0000000">
        <time>2077-09-27T21:01:39.000Z</time>
      </trkpt>
      <trkpt lat="45.0542069" lon="3.0000000">
        <time>2077-09-27T21:01:40.000Z</time>
      </trkpt>
      <trkpt lat="45.0542321" lon="3.0000000">
        <time>2077-09-27T21:01:41.000Z</time>
      </trkpt>
      <trkpt lat="45.0542580" lon="3.0000000">
        <time>2077-09-27T21:01:42.000Z</time>
      </trkpt>
      <trkpt lat="45.0542829" lon="3.0000000">
        <time>2077-09-27T21:01:43.000Z</time>
      </trkpt>
      <trkpt lat="45.0543093" lon="3.0000000">
        <time>2077-09-27T21:01:44.000Z</time>
      </trkpt>
      <trkpt lat="45.0543363" lon="3.0000000">
        <time>2077-09-27T21:01:45.000Z</time>
      </trkpt>
      <trkpt lat="45.0543642" lon="3.0000000">
        <time>2077-09-27T21:01:46.000Z</time>
      </trkpt>
      <trkpt lat="45.0543902" lon="3.0000000">
        <time>2077-09-27T21:01:47.000Z</time>
      </trkpt>
      <trkpt lat="45.0544162" lon="3.0000000">
        <time>2077-09-27T21:01:48.000Z</time>
      </trkpt>
      <trkpt lat="45.0544426" lon="3.0000000">
        <time>2077-09-27T21:01:49.000Z</time>
      </trkpt>
      <trkpt lat="45.0544665" lon="3.0000000">
        <time>2077-09-27T21:01:50.000Z</time>
      </trkpt>
      <trkpt lat="45.0544918" lon="3.0000000">
        <time>2077-09-27T21:01:51.000Z</time>
      </trkpt>
      <trkpt lat="45.0545156" lon="3.0000000">
        <time>2077-09-27T21:01:52.000Z</time>
      </trkpt>
      <trkpt lat="45.0545435" lon="3.0000000">
        <time>2077-09-27T21:01:53.000Z</time>
      </trkpt>
      <trkpt lat="45.0545708" lon="3.0000000">
        <time>2077-09-27T21:01:54.000Z</time>
      </trkpt>
      <trkpt lat="45.0545948" lon="3.0000000">
        <time>2077-09-27T21:01:55.000Z</time>
      </trkpt>
      <trkpt lat="45.0546219" lon="3.0000000">
        <time>2077-09-27T21:01:56.000Z</time>
      </trkpt>
      <trkpt lat="45.0546460" lon="3.0000000">
        <time>2077-09-27T21:01:57.000Z</time>
      </trkpt>
      <trkpt lat="45.0546702" lon="3.0000000">
        <time>2077-09-27T21:01:58.000Z</time>
      </trkpt>
      <trkpt lat="45.0546954" lon="3.0000000">
        <time>2077-09-27T21:01:59.000Z</time>
      </trkpt>
      <trkpt lat="45.0547207" lon="3.0000000">
        <time>2077-09-27T21:02:00.000Z</time>
      </trkpt>
      <trkpt lat="45.0547445" lon="3.0000000">
        <time>2077-09-27T21:02:01.000Z</time>
      </trkpt>
      <trkpt lat="45.0547703" lon="3.0000001">
        <time>2077-09-27T21:02:02.000Z</time>
      </trkpt>
      <trkpt lat="45.0547983" lon="3.0000001">
        <time>2077-09-27T21:02:03.000Z</time>
      </trkpt>
      <trkpt lat="45.0548254" lon="3.0000001">
        <time>2077-09-27T21:02:04.000Z</time>
      </trkpt>
      <trkpt lat="45.0548536" lon="3.0000001">
        <time>2077-09-27T21:02:05.000Z</time>
      </trkpt>
      <trkpt lat="45.0548818" lon="3.0000001">
        <time>2077-09-27T21:02:06.000Z</time>
      </trkpt>
      <trkpt lat="45.0549080" lon="3.0000001">
        <time>2077-09-27T21:02:07.000Z</time>
      </trkpt>
      <trkpt lat="45.0549335" lon="3.0000001">
        <time>2077-09-27T21:02:08.000Z</time>
      </trkpt>
      <trkpt lat="45.0549595" lon="3.0000001">
        <time>2077-09-27T21:02:09.000Z</time>
      </trkpt>
      <trkpt lat="45.0549834" lon="3.0000001">
        <time>2077-09-27T21:02:10.000Z</time>
      </trkpt>
      <trkpt lat="45.0550109" lon="3.0000001">
        <time>2077-09-27T21:02:11.000Z</time>
      </trkpt>
      <trkpt lat="45.0550351" lon="3.0000001">
        <time>2077-09-27T21:02:12.000Z</time>
      </trkpt>
      <trkpt lat="45.0550591" lon="3.0000001">
        <time>2077-09-27T21:02:13.000Z</time>
      </trkpt>
      <trkpt lat="45.0550860" lon="3.0000001">
        <time>2077-09-27T21:02:14.000Z</time>
      </trkpt>
      <trkpt lat="45.0551132" lon="3.0000001">
        <time>2077-09-27T21:02:15.000Z</time>
      </trkpt>
      <trkpt lat="45.0551373" lon="3.0000001">
        <time>2077-09-27T21:02:16.000Z</time>
      </trkpt>
      <trkpt lat="45.0551621" lon="3.0000001">
        <time>2077-09-27T21:02:17.000Z</time>
      </trkpt>
      <trkpt lat="45.0551879" lon="3.0000001">
        <time>2077-09-27T21:02:18.000Z</time>
      </trkpt>
      <trkpt lat="45.0552146" lon="3.0000001">
        <time>2077-09-27T21:02:19.000Z</time>
      </trkpt>
      <trkpt lat="45.0552398" lon="3.0000001">
        <time>2077-09-27T21:02:20.000Z</time>
      </trkpt>
      <trkpt lat="45.0552670" lon="3.0000001">
        <time>2077-09-27T21:02:21.000Z</time>
      </trkpt>
      <trkpt lat="45.0552922" lon="3.0000001">
        <time>2077-09-27T21:02:22.000Z</time>
      </trkpt>
      <trkpt lat="45.0553176" lon="3.0000001">
        <time>2077-09-27T21:02:23.000Z</time>
      </trkpt>
      <trkpt lat="45.0553432" lon="3.0000001">
        <time>2077-09-27T21:02:24.000Z</time>
      </trkpt>
      <trkpt lat="45.0553694" lon="3.0000000">
        <time>2077-09-27T21:02:25.000Z</time>
      </trkpt>
      <trkpt lat="45.0553960" lon="3.0000000">
        <time>2077-09-27T21:02:26.000Z</time>
      </trkpt>
      <trkpt lat="45.0554225" lon="3.0000001">
        <time>2077-09-27T21:02:27.000Z</time>
      </trkpt>
      <trkpt lat="45.0554473" lon="3.0000001">
        <time>2077-09-27T21:02:28.000Z</time>
      </trkpt>
      <trkpt lat="45.0554713" lon="3.0000001">
        <time>2077-09-27T21:02:29.000Z</time>
      </trkpt>
      <trkpt lat="45.0554979" lon="3.0000000">
        <time>2077-09-27T21:02:30.000Z</time>
      </trkpt>
      <trkpt lat="45.0555227" lon="3.0000001">
        <time>2077-09-27T21:02:31.000Z</time>
      </trkpt>
      <trkpt lat="45.0555498" lon="3.0000001">
        <time>2077-09-27T21:02:32.000Z</time>
      </trkpt>
      <trkpt lat="45.0555745" lon="3.0000001">
        <time>2077-09-27T21:02:33.000Z</time>
      </trkpt>
      <trkpt lat="45.0556016" lon="3.0000001">
        <time>2077-09-27T21:02:34.000Z</time>
      </trkpt>
      <trkpt lat="45.0556292" lon="3.0000001">
        <time>2077-09-27T21:02:35.000Z</time>
      </trkpt>
      <trkpt lat="45.0556570" lon="3.0000001">
        <time>2077-09-27T21:02:36.000Z</time>
      </trkpt>
      <trkpt lat="45.0556841" lon="3.0000001">
        <time>2077-09-27T21:02:37.000Z</time>
      </trkpt>
      <trkpt lat="45.0557092" lon="3.0000001">
        <time>2077-09-27T21:02:38.000Z</time>
      </trkpt>
      <trkpt lat="45.0557349" lon="3.0000001">
        <time>2077-09-27T21:02:39.000Z</time>
      </trkpt>
      <trkpt lat="45.0557590" lon="3.0000001">
        <time>2077-09-27T21:02:40.000Z</time>
      </trkpt>
      <trkpt lat="45.0557835" lon="3.0000001">
        <time>2077-09-27T21:02:41.000Z</time>
      </trkpt>
      <trkpt lat="45.0558106" lon="3.0000001">
        <time>2077-09-27T21:02:42.000Z</time>
      </trkpt>
      <trkpt lat="45.0558347" lon="3.0000001">
        <time>2077-09-27T21:02:43.000Z</time>
      </trkpt>
      <trkpt lat="45.0558624" lon="3.0000001">
        <time>2077-09-27T21:02:44.000Z</time>
      </trkpt>
      <trkpt lat="45.0558887" lon="3.0000001">
        <time>2077-09-27T21:02:45.000Z</time>
      </trkpt>
      <trkpt lat="45.0559143" lon="3.0000001">
        <time>2077-09-27T21:02:46.000Z</time>
      </trkpt>
      <trkpt lat="45.0559403" lon="3.0000001">
        <time>2077-09-27T21:02:47.000Z</time>
      </trkpt>
      <trkpt lat="45.0559652" lon="3.0000001">
        <time>2077-09-27T21:02:48.000Z</time>
      </trkpt>
      <trkpt lat="45.0559897" lon="3.0000001">
        <time>2077-09-27T21:02:49.000Z</time>
      </trkpt>
      <trkpt lat="45.0560169" lon="3.0000001">
        <time>2077-09-27T21:02:50.000Z</time>
      </trkpt>
      <trkpt lat="45.0560440" lon="3.0000001">
        <time>2077-09-27T21:02:51.000Z</time>
      </trkpt>
      <trkpt lat="45.0560680" lon="3.0000001">
        <time>2077-09-27T21:02:52.000Z</time>
      </trkpt>
      <trkpt lat="45.0560937" lon="3.0000001">
        <time>2077-09-27T21:02:53.000Z</time>
      </trkpt>
      <trkpt lat="45.0561183" lon="3.0000001">
        <time>2077-09-27T21:02:54.000Z</time>
      </trkpt>
      <trkpt lat="45.0561459" lon="3.0000001">
        <time>2077-09-27T21:02:55.000Z</time>
      </trkpt>
      <trkpt lat="45.0561711" lon="3.0000001">
        <time>2077-09-27T21:02:56.000Z</time>
      </trkpt>
      <trkpt lat="45.0561993" lon="3.0000001">
        <time>2077-09-27T21:02:57.000Z</time>
      </trkpt>
      <trkpt lat="45.0562266" lon="3.0000001">
        <time>2077-09-27T21:02:58.000Z</time>
      </trkpt>
      <trkpt lat="45.0562522" lon="3.0000001">
        <time>2077-09-27T21:02:59.000Z</time>
      </trkpt>
      <trkpt lat="45.0562784" lon="3.0000001">
        <time>2077-09-27T21:03:00.000Z</time>
      </trkpt>
      <trkpt lat="45.0563023" lon="3.0000001">
        <time>2077-09-27T21:03:01.000Z</time>
      </trkpt>
      <trkpt lat="45.0563286" lon="3.0000001">
        <time>2077-09-27T21:03:02.000Z</time>
      </trkpt>
      <trkpt lat="45.0563550" lon="3.0000001">
        <time>2077-09-27T21:03:03.000Z</time>
      </trkpt>
      <trkpt lat="45.0563824" lon="3.0000001">
        <time>2077-09-27T21:03:04.000Z</time>
      </trkpt>
      <trkpt lat="45.0564099" lon="3.0000001">
        <time>2077-09-27T21:03:05.000Z</time>
      </trkpt>
      <trkpt lat="45.0564375" lon="3.0000001">
        <time>2077-09-27T21:03:06.000Z</time>
      </trkpt>
      <trkpt lat="45.0564620" lon="3.0000001">
        <time>2077-09-27T21:03:07.000Z</time>
      </trkpt>
      <trkpt lat="45.0564884" lon="3.0000001">
        <time>2077-09-27T21:03:08.000Z</time>
      </trkpt>
      <trkpt lat="45.0565154" lon="3.0000001">
        <time>2077-09-27T21:03:09.000Z</time>
      </trkpt>
      <trkpt lat="45.0565434" lon="3.0000001">
        <time>2077-09-27T21:03:10.000Z</time>
      </trkpt>
      <trkpt lat="45.0565704" lon="3.0000001">
        <time>2077-09-27T21:03:11.000Z</time>
      </trkpt>
      <trkpt lat="45.0565948" lon="3.0000001">
        <time>2077-09-27T21:03:12.000Z</time>
      </trkpt>
      <trkpt lat="45.0566191" lon="3.0000001">
        <time>2077-09-27T21:03:13.000Z</time>
      </trkpt>
      <trkpt lat="45.0566463" lon="3.0000001">
        <time>2077-09-27T21:03:14.000Z</time>
      </trkpt>
      <trkpt lat="45.0566739" lon="3.0000001">
        <time>2077-09-27T21:03:15.000Z</time>
      </trkpt>
      <trkpt lat="45.0566979" lon="3.0000001">
        <time>2077-09-27T21:03:16.000Z</time>
      </trkpt>
      <trkpt lat="45.0567223" lon="3.0000001">
        <time>2077-09-27T21:03:17.000Z</time>
      </trkpt>
      <trkpt lat="45.0567468" lon="3.0000001">
        <time>2077-09-27T21:03:18.000Z</time>
      </trkpt>
      <trkpt lat="45.0567729" lon="3.0000001">
        <time>2077-09-27T21:03:19.000Z</time>
      </trkpt>
      <trkpt lat="45.0567981" lon="3.0000001">
        <time>2077-09-27T21:03:20.000Z</time>
      </trkpt>
      <trkpt lat="45.0568263" lon="3.0000001">
        <time>2077-09-27T21:03:21.000Z</time>
      </trkpt>
      <trkpt lat="45.0568536" lon="3.0000001">
        <time>2077-09-27T21:03:22.000Z</time>
      </trkpt>
      <trkpt lat="45.0568780" lon="3.0000001">
        <time>2077-09-27T21:03:23.000Z</time>
      </trkpt>
      <trkpt lat="45.0569040" lon="3.0000001">
        <time>2077-09-27T21:03:24.000Z</time>
      </trkpt>
      <trkpt lat="45.0569320" lon="3.0000001">
        <time>2077-09-27T21:03:25.000Z</time>
      </trkpt>
      <trkpt lat="45.0569596" lon="3.0000001">
        <time>2077-09-27T21:03:26.000Z</time>
      </trkpt>
      <trkpt lat="45.0569867" lon="3.0000001">
        <time>2077-09-27T21:03:27.000Z</time>
      </trkpt>
      <trkpt lat="45.0570144" lon="3.0000001">
        <time>2077-09-27T21:03:28.000Z</time>
      </trkpt>
      <trkpt lat="45.0570415" lon="3.0000001">
        <time>2077-09-27T21:03:29.000Z</time>
      </trkpt>
      <trkpt lat="45.0570658" lon="3.0000001">
        <time>2077-09-27T21:03:30.000Z</time>
      </trkpt>
      <trkpt lat="45.0570937" lon="3.0000001">
        <time>2077-09-27T21:03:31.000Z</time>
      </trkpt>
      <trkpt lat="45.0571189" lon="3.0000001">
        <time>2077-09-27T21:03:32.000Z</time>
      </trkpt>
      <trkpt lat="45.0571472" lon="3.0000001">
        <time>2077-09-27T21:03:33.000Z</time>
      </trkpt>
      <trkpt lat="45.0571749" lon="3.0000001">
        <time>2077-09-27T21:03:34.000Z</time>
      </trkpt>
      <trkpt lat="45.0572000" lon="3.0000001">
        <time>2077-09-27T21:03:35.000Z</time>
      </trkpt>
      <trkpt lat="45.0572279" lon="3.0000001">
        <time>2077-09-27T21:03:36.000Z</time>
      </trkpt>
      <trkpt lat="45.0572542" lon="3.0000001">
        <time>2077-09-27T21:03:37.000Z</time>
      </trkpt>
      <trkpt lat="45.0572786" lon="3.0000001">
        <time>2077-09-27T21:03:38.000Z</time>
      </trkpt>
      <trkpt lat="45.0573066" lon="3.0000001">
        <time>2077-09-27T21:03:39.000Z</time>
      </trkpt>
      <trkpt lat="45.0573346" lon="3.0000001">
        <time>2077-09-27T21:03:40.000Z</time>
      </trkpt>
      <trkpt lat="45.0573626" lon="3.0000001">
        <time>2077-09-27T21:03:41.000Z</time>
      </trkpt>
      <trkpt lat="45.0573908" lon="3.0000001">
        <time>2077-09-27T21:03:42.000Z</time>
      </trkpt>
      <trkpt lat="45.0574152" lon="3.0000001">
        <time>2077-09-27T21:03:43.000Z</time>
      </trkpt>
      <trkpt lat="45.0574410" lon="3.0000001">
        <time>2077-09-27T21:03:44.000Z</time>
      </trkpt>
      <trkpt lat="45.0574667" lon="3.0000001">
        <time>2077-09-27T21:03:45.000Z</time>
      </trkpt>
      <trkpt lat="45.0574912" lon="3.0000001">
        <time>2077-09-27T21:03:46.000Z</time>
      </trkpt>
      <trkpt lat="45.0575191" lon="3.0000001">
        <time>2077-09-27T21:03:47.000Z</time>
      </trkpt>
      <trkpt lat="45.0575463" lon="3.0000001">
        <time>2077-09-27T21:03:48.000Z</time>
      </trkpt>
      <trkpt lat="45.0575735" lon="3.0000001">
        <time>2077-09-27T21:03:49.000Z</time>
      </trkpt>
      <trkpt lat="45.0575981" lon="3.0000001">
        <time>2077-09-27T21:03:50.000Z</time>
      </trkpt>
      <trkpt lat="45.0576219" lon="3.0000001">
        <time>2077-09-27T21:03:51.000Z</time>
      </trkpt>
      <trkpt lat="45.0576462" lon="3.0000001">
        <time>2077-09-27T21:03:52.000Z</time>
      </trkpt>
      <trkpt lat="45.0576735" lon="3.0000001">
        <time>2077-09-27T21:03:53.000Z</time>
      </trkpt>
      <trkpt lat="45.0576989" lon="3.0000001">
        <time>2077-09-27T21:03:54.000Z</time>
      </trkpt>
      <trkpt lat="45.0577229" lon="3.0000001">
        <time>2077-09-27T21:03:55.000Z</time>
      </trkpt>
      <trkpt lat="45.0577495" lon="3.0000001">
        <time>2077-09-27T21:03:56.000Z</time>
      </trkpt>
      <trkpt lat="45.0577767" lon="3.0000001">
        <time>2077-09-27T21:03:57.000Z</time>
      </trkpt>
      <trkpt lat="45.0578023" lon="3.0000001">
        <time>2077-09-27T21:03:58.000Z</time>
      </trkpt>
      <trkpt lat="45.0578278" lon="3.0000001">
        <time>2077-09-27T21:03:59.000Z</time>
      </trkpt>
      <trkpt lat="45.0578552" lon="3.0000001">
        <time>2077-09-27T21:04:00.000Z</time>
      </trkpt>
      <trkpt lat="45.0578796" lon="3.0000001">
        <time>2077-09-27T21:04:01.000Z</time>
      </trkpt>
      <trkpt lat="45.0579053" lon="3.0000001">
        <time>2077-09-27T21:04:02.000Z</time>
      </trkpt>
      <trkpt lat="45.0579313" lon="3.0000001">
        <time>2077-09-27T21:04:03.000Z</time>
      </trkpt>
      <trkpt lat="45.0579578" lon="3.0000001">
        <time>2077-09-27T21:04:04.000Z</time>
      </trkpt>
      <trkpt lat="45.0579816" lon="3.0000001">
        <time>2077-09-27T21:04:05.000Z</time>
      </trkpt>
      <trkpt lat="45.0580059" lon="3.0000001">
        <time>2077-09-27T21:04:06.000Z</time>
      </trkpt>
      <trkpt lat="45.0580321" lon="3.0000001">
        <time>2077-09-27T21:04:07.000Z</time>
      </trkpt>
      <trkpt lat="45.0580592" lon="3.0000001">
        <time>2077-09-27T21:04:08.000Z</time>
      </trkpt>
      <trkpt lat="45.0580853" lon="3.0000001">
        <time>2077-09-27T21:04:09.000Z</time>
      </trkpt>
      <trkpt lat="45.0581114" lon="3.0000001">
        <time>2077-09-27T21:04:10.000Z</time>
      </trkpt>
      <trkpt lat="45.0581379" lon="3.0000001">
        <time>2077-09-27T21:04:11.000Z</time>
      </trkpt>
      <trkpt lat="45.0581634" lon="3.0000001">
        <time>2077-09-27T21:04:12.000Z</time>
      </trkpt>
      <trkpt lat="45.0581894" lon="3.0000001">
        <time>2077-09-27T21:04:13.000Z</time>
      </trkpt>
      <trkpt lat="45.0582156" lon="3.0000001">
        <time>2077-09-27T21:04:14.000Z</time>
      </trkpt>
      <trkpt lat="45.0582398" lon="3.0000001">
        <time>2077-09-27T21:04:15.000Z</time>
      </trkpt>
      <trkpt lat="45.0582640" lon="3.0000001">
        <time>2077-09-27T21:04:16.000Z</time>
      </trkpt>
      <trkpt lat="45.0582897" lon="3.0000001">
        <time>2077-09-27T21:04:17.000Z</time>
      </trkpt>
      <trkpt lat="45.0583160" lon="3.0000001">
        <time>2077-09-27T21:04:18.000Z</time>
      </trkpt>
      <trkpt lat="45.0583440" lon="3.0000001">
        <time>2077-09-27T21:04:19.000Z</time>
      </trkpt>
      <trkpt lat="45.0583710" lon="3.0000001">
        <time>2077-09-27T21:04:20.000Z</time>
      </trkpt>
      <trkpt lat="45.0583967" lon="3.0000001">
        <time>2077-09-27T21:04:21.000Z</time>
      </trkpt>
      <trkpt lat="45.0584227" lon="3.0000001">
        <time>2077-09-27T21:04:22.000Z</time>
      </trkpt>
      <trkpt lat="45.0584503" lon="3.0000001">
        <time>2077-09-27T21:04:23.000Z</time>
      </trkpt>
      <trkpt lat="45.0584776" lon="3.0000001">
        <time>2077-09-27T21:04:24.000Z</time>
      </trkpt>
      <trkpt lat="45.0585041" lon="3.0000001">
        <time>2077-09-27T21:04:25.000Z</time>
      </trkpt>
      <trkpt lat="45.0585317" lon="3.0000001">
        <time>2077-09-27T21:04:26.000Z</time>
      </trkpt>
      <trkpt lat="45.0585575" lon="3.0000001">
        <time>2077-09-27T21:04:27.000Z</time>
      </trkpt>
      <trkpt lat="45.0585836" lon="3.0000001">
        <time>2077-09-27T21:04:28.000Z</time>
      </trkpt>
      <trkpt lat="45.0586098" lon="3.0000001">
        <time>2077-09-27T21:04:29.000Z</time>
      </trkpt>
      <trkpt lat="45.0586366" lon="3.0000001">
        <time>2077-09-27T21:04:30.000Z</time>
      </trkpt>
      <trkpt lat="45.0586644" lon="3.0000001">
        <time>2077-09-27T21:04:31.000Z</time>
      </trkpt>
      <trkpt lat="45.0586906" lon="3.0000001">
        <time>2077-09-27T21:04:32.000Z</time>
      </trkpt>
      <trkpt lat="45.0587173" lon="3.0000001">
        <time>2077-09-27T21:04:33.000Z</time>
      </trkpt>
      <trkpt lat="45.0587454" lon="3.0000001">
        <time>2077-09-27T21:04:34.000Z</time>
      </trkpt>
      <trkpt lat="45.0587734" lon="3.0000001">
        <time>2077-09-27T21:04:35.000Z</time>
      </trkpt>
      <trkpt lat="45.0588009" lon="3.0000001">
        <time>2077-09-27T21:04:36.000Z</time>
      </trkpt>
      <trkpt lat="45.0588267" lon="3.0000001">
        <time>2077-09-27T21:04:37.000Z</time>
      </trkpt>
      <trkpt lat="45.0588534" lon="3.0000001">
        <time>2077-09-27T21:04:38.000Z</time>
      </trkpt>
      <trkpt lat="45.0588778" lon="3.0000001">
        <time>2077-09-27T21:04:39.000Z</time>
      </trkpt>
      <trkpt lat="45.0589029" lon="3.0000001">
        <time>2077-09-27T21:04:40.000Z</time>
      </trkpt>
      <trkpt lat="45.0589276" lon="3.0000001">
        <time>2077-09-27T21:04:41.000Z</time>
      </trkpt>
      <trkpt lat="45.0589552" lon="3.0000001">
        <time>2077-09-27T21:04:42.000Z</time>
      </trkpt>
      <trkpt lat="45.0589806" lon="3.0000001">
        <time>2077-09-27T21:04:43.000Z</time>
      </trkpt>
      <trkpt lat="45.0590076" lon="3.0000001">
        <time>2077-09-27T21:04:44.000Z</time>
      </trkpt>
      <trkpt lat="45.0590340" lon="3.0000001">
        <time>2077-09-27T21:04:45.000Z</time>
      </trkpt>
      <trkpt lat="45.0590608" lon="3.0000001">
        <time>2077-09-27T21:04:46.000Z</time>
      </trkpt>
      <trkpt lat="45.0590863" lon="3.0000001">
        <time>2077-09-27T21:04:47.000Z</time>
      </trkpt>
      <trkpt lat="45.0591135" lon="3.0000001">
        <time>2077-09-27T21:04:48.000Z</time>
      </trkpt>
      <trkpt lat="45.0591410" lon="3.0000001">
        <time>2077-09-27T21:04:49.000Z</time>
      </trkpt>
      <trkpt lat="45.0591670" lon="3.0000001">
        <time>2077-09-27T21:04:50.000Z</time>
      </trkpt>
      <trkpt lat="45.0591953" lon="3.0000001">
        <time>2077-09-27T21:04:51.000Z</time>
      </trkpt>
      <trkpt lat="45.0592223" lon="3.0000001">
        <time>2077-09-27T21:04:52.000Z</time>
      </trkpt>
      <trkpt lat="45.0592499" lon="3.0000001">
        <time>2077-09-27T21:04:53.000Z</time>
      </trkpt>
      <trkpt lat="45.0592754" lon="3.0000001">
        <time>2077-09-27T21:04:54.000Z</time>
      </trkpt>
      <trkpt lat="45.0593015" lon="3.0000001">
        <time>2077-09-27T21:04:55.000Z</time>
      </trkpt>
      <trkpt lat="45.0593257" lon="3.0000001">
        <time>2077-09-27T21:04:56.000Z</time>
      </trkpt>
      <trkpt lat="45.0593533" lon="3.0000001">
        <time>2077-09-27T21:04:57.000Z</time>
      </trkpt>
      <trkpt lat="45.0593772" lon="3.0000001">
        <time>2077-09-27T21:04:58.000Z</time>
      </trkpt>
      <trkpt lat="45.0594040" lon="3.0000001">
        <time>2077-09-27T21:04:59.000Z</time>
      </trkpt>
      <trkpt lat="45.0594322" lon="3.0000001">
        <time>2077-09-27T21:05:00.000Z</time>
      </trkpt>
      <trkpt lat="45.0594604" lon="3.0000001">
        <time>2077-09-27T21:05:01.000Z</time>
      </trkpt>
      <trkpt lat="45.0594868" lon="3.0000001">
        <time>2077-09-27T21:05:02.000Z</time>
      </trkpt>
      <trkpt lat="45.0595138" lon="3.0000001">
        <time>2077-09-27T21:05:03.000Z</time>
      </trkpt>
      <trkpt lat="45.0595415" lon="3.0000001">
        <time>2077-09-27T21:05:04.000Z</time>
      </trkpt>
      <trkpt lat="45.0595681" lon="3.0000001">
        <time>2077-09-27T21:05:05.000Z</time>
      </trkpt>
      <trkpt lat="45.0595950" lon="3.0000001">
        <time>2077-09-27T21:05:06.000Z</time>
      </trkpt>
      <trkpt lat="45.0596202" lon="3.0000001">
        <time>2077-09-27T21:05:07.000Z</time>
      </trkpt>
      <trkpt lat="45.0596474" lon="3.0000001">
        <time>2077-09-27T21:05:08.000Z</time>
      </trkpt>
      <trkpt lat="45.0596754" lon="3.0000001">
        <time>2077-09-27T21:05:09.000Z</time>
      </trkpt>
      <trkpt lat="45.0597007" lon="3.0000001">
        <time>2077-09-27T21:05:10.000Z</time>
      </trkpt>
      <trkpt lat="45.0597245" lon="3.0000001">
        <time>2077-09-27T21:05:11.000Z</time>
      </trkpt>
      <trkpt lat="45.0597506" lon="3.0000001">
        <time>2077-09-27T21:05:12.000Z</time>
      </trkpt>
      <trkpt lat="45.0597782" lon="3.0000001">
        <time>2077-09-27T21:05:13.000Z</time>
      </trkpt>
      <trkpt lat="45.0598052" lon="3.0000001">
        <time>2077-09-27T21:05:14.000Z</time>
      </trkpt>
      <trkpt lat="45.0598316" lon="3.0000001">
        <time>2077-09-27T21:05:15.000Z</time>
      </trkpt>
      <trkpt lat="45.0598564" lon="3.0000001">
        <time>2077-09-27T21:05:16.000Z</time>
      </trkpt>
      <trkpt lat="45.0598822" lon="3.0000001">
        <time>2077-09-27T21:05:17.000Z</time>
      </trkpt>
      <trkpt lat="45.0599092" lon="3.0000001">
        <time>2077-09-27T21:05:18.000Z</time>
      </trkpt>
      <trkpt lat="45.0599351" lon="3.0000001">
        <time>2077-09-27T21:05:19.000Z</time>
      </trkpt>
      <trkpt lat="45.0599606" lon="3.0000001">
        <time>2077-09-27T21:05:20.000Z</time>
      </trkpt>
      <trkpt lat="45.0599865" lon="3.0000001">
        <time>2077-09-27T21:05:21.000Z</time>
      </trkpt>
      <trkpt lat="45.0600128" lon="3.0000001">
        <time>2077-09-27T21:05:22.000Z</time>
      </trkpt>
      <trkpt lat="45.0600382" lon="3.0000001">
        <time>2077-09-27T21:05:23.000Z</time>
      </trkpt>
      <trkpt lat="45.0600632" lon="3.0000001">
        <time>2077-09-27T21:05:24.000Z</time>
      </trkpt>
      <trkpt lat="45.0600900" lon="3.0000001">
        <time>2077-09-27T21:05:25.000Z</time>
      </trkpt>
      <trkpt lat="45.0601144" lon="3.0000001">
        <time>2077-09-27T21:05:26.000Z</time>
      </trkpt>
      <trkpt lat="45.0601405" lon="3.0000001">
        <time>2077-09-27T21:05:27.000Z</time>
      </trkpt>
      <trkpt lat="45.0601646" lon="3.0000001">
        <time>2077-09-27T21:05:28.000Z</time>
      </trkpt>
      <trkpt lat="45.0601889" lon="3.0000001">
        <time>2077-09-27T21:05:29.000Z</time>
      </trkpt>
      <trkpt lat="45.0602158" lon="3.0000001">
        <time>2077-09-27T21:05:30.000Z</time>
      </trkpt>
      <trkpt lat="45.0602400" lon="3.0000001">
        <time>2077-09-27T21:05:31.000Z</time>
      </trkpt>
      <trkpt lat="45.0602664" lon="3.0000001">
        <time>2077-09-27T21:05:32.000Z</time>
      </trkpt>
      <trkpt lat="45.0602919" lon="3.0000001">
        <time>2077-09-27T21:05:33.000Z</time>
      </trkpt>
      <trkpt lat="45.0603170" lon="3.0000001">
        <time>2077-09-27T21:05:34.000Z</time>
      </trkpt>
      <trkpt lat="45.0603451" lon="3.0000001">
        <time>2077-09-27T21:05:35.000Z</time>
      </trkpt>
      <trkpt lat="45.0603732" lon="3.0000001">
        <time>2077-09-27T21:05:36.000Z</time>
      </trkpt>
      <trkpt lat="45.0604010" lon="3.0000001">
        <time>2077-09-27T21:05:37.000Z</time>
      </trkpt>
      <trkpt lat="45.0604266" lon="3.0000001">
        <time>2077-09-27T21:05:38.000Z</time>
      </trkpt>
      <trkpt lat="45.0604514" lon="3.0000001">
        <time>2077-09-27T21:05:39.000Z</time>
      </trkpt>
      <trkpt lat="45.0604761" lon="3.0000001">
        <time>2077-09-27T21:05:40.000Z</time>
      </trkpt>
      <trkpt lat="45.0605025" lon="3.0000001">
        <time>2077-09-27T21:05:41.000Z</time>
      </trkpt>
      <trkpt lat="45.0605301" lon="3.0000001">
        <time>2077-09-27T21:05:42.000Z</time>
      </trkpt>
      <trkpt lat="45.0605556" lon="3.0000001">
        <time>2077-09-27T21:05:43.000Z</time>
      </trkpt>
      <trkpt lat="45.0605817" lon="3.0000001">
        <time>2077-09-27T21:05:44.000Z</time>
      </trkpt>
      <trkpt lat="45.0606097" lon="3.0000001">
        <time>2077-09-27T21:05:45.000Z</time>
      </trkpt>
      <trkpt lat="45.0606372" lon="3.0000001">
        <time>2077-09-27T21:05:46.000Z</time>
      </trkpt>
      <trkpt lat="45.0606611" lon="3.0000001">
        <time>2077-09-27T21:05:47.000Z</time>
      </trkpt>
      <trkpt lat="45.0606894" lon="3.0000001">
        <time>2077-09-27T21:05:48.000Z</time>
      </trkpt>
      <trkpt lat="45.0607152" lon="3.0000001">
        <time>2077-09-27T21:05:49.000Z</time>
      </trkpt>
      <trkpt lat="45.0607433" lon="3.0000001">
        <time>2077-09-27T21:05:50.000Z</time>
      </trkpt>
      <trkpt lat="45.0607692" lon="3.0000001">
        <time>2077-09-27T21:05:51.000Z</time>
      </trkpt>
      <trkpt lat="45.0607931" lon="3.0000001">
        <time>2077-09-27T21:05:52.000Z</time>
      </trkpt>
      <trkpt lat="45.0608189" lon="3.0000001">
        <time>2077-09-27T21:05:53.000Z</time>
      </trkpt>
      <trkpt lat="45.0608436" lon="3.0000001">
        <time>2077-09-27T21:05:54.000Z</time>
      </trkpt>
      <trkpt lat="45.0608696" lon="3.0000001">
        <time>2077-09-27T21:05:55.000Z</time>
      </trkpt>
      <trkpt lat="45.0608962" lon="3.0000001">
        <time>2077-09-27T21:05:56.000Z</time>
      </trkpt>
      <trkpt lat="45.0609239" lon="3.0000001">
        <time>2077-09-27T21:05:57.000Z</time>
      </trkpt>
      <trkpt lat="45.0609487" lon="3.0000001">
        <time>2077-09-27T21:05:58.000Z</time>
      </trkpt>
      <trkpt lat="45.0609763" lon="3.0000001">
        <time>2077-09-27T21:05:59.000Z</time>
      </trkpt>
      <trkpt lat="45.0610042" lon="3.0000001">
        <time>2077-09-27T21:06:00.000Z</time>
      </trkpt>
      <trkpt lat="45.0610322" lon="3.0000001">
        <time>2077-09-27T21:06:01.000Z</time>
      </trkpt>
      <trkpt lat="45.0610583" lon="3.0000001">
        <time>2077-09-27T21:06:02.000Z</time>
      </trkpt>
      <trkpt lat="45.0610832" lon="3.0000001">
        <time>2077-09-27T21:06:03.000Z</time>
      </trkpt>
      <trkpt lat="45.0611093" lon="3.0000001">
        <time>2077-09-27T21:06:04.000Z</time>
      </trkpt>
      <trkpt lat="45.0611336" lon="3.0000001">
        <time>2077-09-27T21:06:05.000Z</time>
      </trkpt>
      <trkpt lat="45.0611598" lon="3.0000001">
        <time>2077-09-27T21:06:06.000Z</time>
      </trkpt>
      <trkpt lat="45.0611856" lon="3.0000001">
        <time>2077-09-27T21:06:07.000Z</time>
      </trkpt>
      <trkpt lat="45.0612130" lon="3.0000001">
        <time>2077-09-27T21:06:08.000Z</time>
      </trkpt>
      <trkpt lat="45.0612406" lon="3.0000001">
        <time>2077-09-27T21:06:09.000Z</time>
      </trkpt>
      <trkpt lat="45.0612681" lon="3.0000001">
        <time>2077-09-27T21:06:10.000Z</time>
      </trkpt>
      <trkpt lat="45.0612954" lon="3.0000001">
        <time>2077-09-27T21:06:11.000Z</time>
      </trkpt>
      <trkpt lat="45.0613205" lon="3.0000001">
        <time>2077-09-27T21:06:12.000Z</time>
      </trkpt>
      <trkpt lat="45.0613466" lon="3.0000001">
        <time>2077-09-27T21:06:13.000Z</time>
      </trkpt>
      <trkpt lat="45.0613715" lon="3.0000001">
        <time>2077-09-27T21:06:14.000Z</time>
      </trkpt>
      <trkpt lat="45.0613995" lon="3.0000001">
        <time>2077-09-27T21:06:15.000Z</time>
      </trkpt>
      <trkpt lat="45.0614270" lon="3.0000001">
        <time>2077-09-27T21:06:16.000Z</time>
      </trkpt>
      <trkpt lat="45.0614542" lon="3.0000001">
        <time>2077-09-27T21:06:17.000Z</time>
      </trkpt>
      <trkpt lat="45.0614786" lon="3.0000001">
        <time>2077-09-27T21:06:18.000Z</time>
      </trkpt>
      <trkpt lat="45.0615069" lon="3.0000001">
        <time>2077-09-27T21:06:19.000Z</time>
      </trkpt>
      <trkpt lat="45.0615316" lon="3.0000001">
        <time>2077-09-27T21:06:20.000Z</time>
      </trkpt>
      <trkpt lat="45.0615563" lon="3.0000001">
        <time>2077-09-27T21:06:21.000Z</time>
      </trkpt>
      <trkpt lat="45.0615833" lon="3.0000001">
        <time>2077-09-27T21:06:22.000Z</time>
      </trkpt>
      <trkpt lat="45.0616091" lon="3.0000001">
        <time>2077-09-27T21:06:23.000Z</time>
      </trkpt>
      <trkpt lat="45.0616350" lon="3.0000001">
        <time>2077-09-27T21:06:24.000Z</time>
      </trkpt>
      <trkpt lat="45.0616609" lon="3.0000001">
        <time>2077-09-27T21:06:25.000Z</time>
      </trkpt>
      <trkpt lat="45.0616848" lon="3.0000001">
        <time>2077-09-27T21:06:26.000Z</time>
      </trkpt>
      <trkpt lat="45.0617119" lon="3.0000001">
        <time>2077-09-27T21:06:27.000Z</time>
      </trkpt>
      <trkpt lat="45.0617378" lon="3.0000001">
        <time>2077-09-27T21:06:28.000Z</time>
      </trkpt>
      <trkpt lat="45.0617641" lon="3.0000001">
        <time>2077-09-27T21:06:29.000Z</time>
      </trkpt>
      <trkpt lat="45.0617897" lon="3.0000001">
        <time>2077-09-27T21:06:30.000Z</time>
      </trkpt>
      <trkpt lat="45.0618158" lon="3.0000001">
        <time>2077-09-27T21:06:31.000Z</time>
      </trkpt>
      <trkpt lat="45.0618440" lon="3.0000001">
        <time>2077-09-27T21:06:32.000Z</time>
      </trkpt>
      <trkpt lat="45.0618681" lon="3.0000001">
        <time>2077-09-27T21:06:33.000Z</time>
      </trkpt>
      <trkpt lat="45.0618953" lon="3.0000001">
        <time>2077-09-27T21:06:34.000Z</time>
      </trkpt>
      <trkpt lat="45.0619204" lon="3.0000001">
        <time>2077-09-27T21:06:35.000Z</time>
      </trkpt>
      <trkpt lat="45.0619472" lon="3.0000001">
        <time>2077-09-27T21:06:36.000Z</time>
      </trkpt>
      <trkpt lat="45.0619754" lon="3.0000001">
        <time>2077-09-27T21:06:37.000Z</time>
      </trkpt>
      <trkpt lat="45.0620007" lon="3.0000001">
        <time>2077-09-27T21:06:38.000Z</time>
      </trkpt>
      <trkpt lat="45.0620251" lon="3.0000001">
        <time>2077-09-27T21:06:39.000Z</time>
      </trkpt>
      <trkpt lat="45.0620527" lon="3.0000001">
        <time>2077-09-27T21:06:40.000Z</time>
      </trkpt>
      <trkpt lat="45.0620805" lon="3.0000001">
        <time>2077-09-27T21:06:41.000Z</time>
      </trkpt>
      <trkpt lat="45.0621059" lon="3.0000001">
        <time>2077-09-27T21:06:42.000Z</time>
      </trkpt>
      <trkpt lat="45.0621320" lon="3.0000001">
        <time>2077-09-27T21:06:43.000Z</time>
      </trkpt>
      <trkpt lat="45.0621564" lon="3.0000001">
        <time>2077-09-27T21:06:44.000Z</time>
      </trkpt>
      <trkpt lat="45.0621817" lon="3.0000001">
        <time>2077-09-27T21:06:45.000Z</time>
      </trkpt>
      <trkpt lat="45.0622100" lon="3.0000001">
        <time>2077-09-27T21:06:46.000Z</time>
      </trkpt>
      <trkpt lat="45.0622355" lon="3.0000001">
        <time>2077-09-27T21:06:47.000Z</time>
      </trkpt>
      <trkpt lat="45.0622595" lon="3.0000000">
        <time>2077-09-27T21:06:48.000Z</time>
      </trkpt>
      <trkpt lat="45.0622858" lon="3.0000001">
        <time>2077-09-27T21:06:49.000Z</time>
      </trkpt>
      <trkpt lat="45.0623103" lon="3.0000001">
        <time>2077-09-27T21:06:50.000Z</time>
      </trkpt>
      <trkpt lat="45.0623361" lon="3.0000001">
        <time>2077-09-27T21:06:51.000Z</time>
      </trkpt>
      <trkpt lat="45.0623604" lon="3.0000001">
        <time>2077-09-27T21:06:52.000Z</time>
      </trkpt>
      <trkpt lat="45.0623866" lon="3.0000001">
        <time>2077-09-27T21:06:53.000Z</time>
      </trkpt>
      <trkpt lat="45.0624124" lon="3.0000001">
        <time>2077-09-27T21:06:54.000Z</time>
      </trkpt>
      <trkpt lat="45.0624396" lon="3.0000001">
        <time>2077-09-27T21:06:55.000Z</time>
      </trkpt>
      <trkpt lat="45.0624661" lon="3.0000001">
        <time>2077-09-27T21:06:56.000Z</time>
      </trkpt>
      <trkpt lat="45.0624921" lon="3.0000001">
        <time>2077-09-27T21:06:57.000Z</time>
      </trkpt>
      <trkpt lat="45.0625195" lon="3.0000001">
        <time>2077-09-27T21:06:58.000Z</time>
      </trkpt>
      <trkpt lat="45.0625470" lon="3.0000001">
        <time>2077-09-27T21:06:59.000Z</time>
      </trkpt>
      <trkpt lat="45.0625727" lon="3.0000001">
        <time>2077-09-27T21:07:00.000Z</time>
      </trkpt>
      <trkpt lat="45.0626001" lon="3.0000001">
        <time>2077-09-27T21:07:01.000Z</time>
      </trkpt>
      <trkpt lat="45.0626246" lon="3.0000001">
        <time>2077-09-27T21:07:02.000Z</time>
      </trkpt>
      <trkpt lat="45.0626518" lon="3.0000001">
        <time>2077-09-27T21:07:03.000Z</time>
      </trkpt>
      <trkpt lat="45.0626783" lon="3.0000001">
        <time>2077-09-27T21:07:04.000Z</time>
      </trkpt>
      <trkpt lat="45.0627031" lon="3.0000001">
        <time>2077-09-27T21:07:05.000Z</time>
      </trkpt>
      <trkpt lat="45.0627314" lon="3.0000001">
        <time>2077-09-27T21:07:06.000Z</time>
      </trkpt>
      <trkpt lat="45.0627574" lon="3.0000001">
        <time>2077-09-27T21:07:07.000Z</time>
      </trkpt>
      <trkpt lat="45.0627819" lon="3.0000001">
        <time>2077-09-27T21:07:08.000Z</time>
      </trkpt>
      <trkpt lat="45.0628091" lon="3.0000001">
        <time>2077-09-27T21:07:09.000Z</time>
      </trkpt>
      <trkpt lat="45.0628337" lon="3.0000001">
        <time>2077-09-27T21:07:10.000Z</time>
      </trkpt>
      <trkpt lat="45.0628590" lon="3.0000001">
        <time>2077-09-27T21:07:11.000Z</time>
      </trkpt>
      <trkpt lat="45.0628851" lon="3.0000001">
        <time>2077-09-27T21:07:12.000Z</time>
      </trkpt>
      <trkpt lat="45.0629093" lon="3.0000001">
        <time>2077-09-27T21:07:13.000Z</time>
      </trkpt>
      <trkpt lat="45.0629371" lon="3.0000001">
        <time>2077-09-27T21:07:14.000Z</time>
      </trkpt>
      <trkpt lat="45.0629623" lon="3.0000001">
        <time>2077-09-27T21:07:15.000Z</time>
      </trkpt>
      <trkpt lat="45.0629884" lon="3.0000001">
        <time>2077-09-27T21:07:16.000Z</time>
      </trkpt>
      <trkpt lat="45.0630149" lon="3.0000001">
        <time>2077-09-27T21:07:17.000Z</time>
      </trkpt>
      <trkpt lat="45.0630402" lon="3.0000001">
        <time>2077-09-27T21:07:18.000Z</time>
      </trkpt>
      <trkpt lat="45.0630682" lon="3.0000001">
        <time>2077-09-27T21:07:19.000Z</time>
      </trkpt>
      <trkpt lat="45.0630948" lon="3.0000001">
        <time>2077-09-27T21:07:20.000Z</time>
      </trkpt>
      <trkpt lat="45.0631215" lon="3.0000001">
        <time>2077-09-27T21:07:21.000Z</time>
      </trkpt>
      <trkpt lat="45.0631486" lon="3.0000001">
        <time>2077-09-27T21:07:22.000Z</time>
      </trkpt>
      <trkpt lat="45.0631726" lon="3.0000001">
        <time>2077-09-27T21:07:23.000Z</time>
      </trkpt>
      <trkpt lat="45.0631969" lon="3.0000001">
        <time>2077-09-27T21:07:24.000Z</time>
      </trkpt>
      <trkpt lat="45.0632246" lon="3.0000001">
        <time>2077-09-27T21:07:25.000Z</time>
      </trkpt>
      <trkpt lat="45.0632524" lon="3.0000001">
        <time>2077-09-27T21:07:26.000Z</time>
      </trkpt>
      <trkpt lat="45.0632785" lon="3.0000001">
        <time>2077-09-27T21:07:27.000Z</time>
      </trkpt>
      <trkpt lat="45.0633055" lon="3.0000001">
        <time>2077-09-27T21:07:28.000Z</time>
      </trkpt>
      <trkpt lat="45.0633296" lon="3.0000001">
        <time>2077-09-27T21:07:29.000Z</time>
      </trkpt>
      <trkpt lat="45.0633575" lon="3.0000001">
        <time>2077-09-27T21:07:30.000Z</time>
      </trkpt>
      <trkpt lat="45.0633816" lon="3.0000001">
        <time>2077-09-27T21:07:31.000Z</time>
      </trkpt>
      <trkpt lat="45.0634095" lon="3.0000001">
        <time>2077-09-27T21:07:32.000Z</time>
      </trkpt>
      <trkpt lat="45.0634357" lon="3.0000001">
        <time>2077-09-27T21:07:33.000Z</time>
      </trkpt>
      <trkpt lat="45.0634630" lon="3.0000001">
        <time>2077-09-27T21:07:34.000Z</time>
      </trkpt>
      <trkpt lat="45.0634897" lon="3.0000001">
        <time>2077-09-27T21:07:35.000Z</time>
      </trkpt>
      <trkpt lat="45.0635146" lon="3.0000001">
        <time>2077-09-27T21:07:36.000Z</time>
      </trkpt>
      <trkpt lat="45.0635428" lon="3.0000001">
        <time>2077-09-27T21:07:37.000Z</time>
      </trkpt>
      <trkpt lat="45.0635674" lon="3.0000001">
        <time>2077-09-27T21:07:38.000Z</time>
      </trkpt>
      <trkpt lat="45.0635933" lon="3.0000001">
        <time>2077-09-27T21:07:39.000Z</time>
      </trkpt>
      <trkpt lat="45.0636213" lon="3.0000001">
        <time>2077-09-27T21:07:40.000Z</time>
      </trkpt>
      <trkpt lat="45.0636459" lon="3.0000001">
        <time>2077-09-27T21:07:41.000Z</time>
      </trkpt>
      <trkpt lat="45.0636738" lon="3.0000001">
        <time>2077-09-27T21:07:42.000Z</time>
      </trkpt>
      <trkpt lat="45.0637005" lon="3.0000001">
        <time>2077-09-27T21:07:43.000Z</time>
      </trkpt>
      <trkpt lat="45.0637269" lon="3.0000001">
        <time>2077-09-27T21:07:44.000Z</time>
      </trkpt>
      <trkpt lat="45.0637511" lon="3.0000001">
        <time>2077-09-27T21:07:45.000Z</time>
      </trkpt>
      <trkpt lat="45.0637757" lon="3.0000001">
        <time>2077-09-27T21:07:46.000Z</time>
      </trkpt>
      <trkpt lat="45.0638029" lon="3.0000001">
        <time>2077-09-27T21:07:47.000Z</time>
      </trkpt>
      <trkpt lat="45.0638306" lon="3.0000001">
        <time>2077-09-27T21:07:48.000Z</time>
      </trkpt>
      <trkpt lat="45.0638556" lon="3.0000001">
        <time>2077-09-27T21:07:49.000Z</time>
      </trkpt>
      <trkpt lat="45.0638838" lon="3.0000001">
        <time>2077-09-27T21:07:50.000Z</time>
      </trkpt>
      <trkpt lat="45.0639080" lon="3.0000001">
        <time>2077-09-27T21:07:51.000Z</time>
      </trkpt>
      <trkpt lat="45.0639356" lon="3.0000001">
        <time>2077-09-27T21:07:52.000Z</time>
      </trkpt>
      <trkpt lat="45.0639625" lon="3.0000001">
        <time>2077-09-27T21:07:53.000Z</time>
      </trkpt>
      <trkpt lat="45.0639878" lon="3.0000001">
        <time>2077-09-27T21:07:54.000Z</time>
      </trkpt>
      <trkpt lat="45.0640129" lon="3.0000001">
        <time>2077-09-27T21:07:55.000Z</time>
      </trkpt>
      <trkpt lat="45.0640411" lon="3.0000001">
        <time>2077-09-27T21:07:56.000Z</time>
      </trkpt>
      <trkpt lat="45.0640674" lon="3.0000001">
        <time>2077-09-27T21:07:57.000Z</time>
      </trkpt>
      <trkpt lat="45.0640933" lon="3.0000001">
        <time>2077-09-27T21:07:58.000Z</time>
      </trkpt>
      <trkpt lat="45.0641187" lon="3.0000001">
        <time>2077-09-27T21:07:59.000Z</time>
      </trkpt>
      <trkpt lat="45.0641427" lon="3.0000001">
        <time>2077-09-27T21:08:00.000Z</time>
      </trkpt>
      <trkpt lat="45.0641694" lon="3.0000001">
        <time>2077-09-27T21:08:01.000Z</time>
      </trkpt>
      <trkpt lat="45.0641954" lon="3.0000001">
        <time>2077-09-27T21:08:02.000Z</time>
      </trkpt>
      <trkpt lat="45.0642205" lon="3.0000001">
        <time>2077-09-27T21:08:03.000Z</time>
      </trkpt>
      <trkpt lat="45.0642457" lon="3.0000001">
        <time>2077-09-27T21:08:04.000Z</time>
      </trkpt>
      <trkpt lat="45.0642732" lon="3.0000001">
        <time>2077-09-27T21:08:05.000Z</time>
      </trkpt>
      <trkpt lat="45.0642994" lon="3.0000001">
        <time>2077-09-27T21:08:06.000Z</time>
      </trkpt>
      <trkpt lat="45.0643248" lon="3.0000001">
        <time>2077-09-27T21:08:07.000Z</time>
      </trkpt>
      <trkpt lat="45.0643500" lon="3.0000001">
        <time>2077-09-27T21:08:08.000Z</time>
      </trkpt>
      <trkpt lat="45.0643768" lon="3.0000001">
        <time>2077-09-27T21:08:09.000Z</time>
      </trkpt>
      <trkpt lat="45.0644030" lon="3.0000001">
        <time>2077-09-27T21:08:10.000Z</time>
      </trkpt>
      <trkpt lat="45.0644303" lon="3.0000001">
        <time>2077-09-27T21:08:11.000Z</time>
      </trkpt>
      <trkpt lat="45.0644583" lon="3.0000001">
        <time>2077-09-27T21:08:12.000Z</time>
      </trkpt>
      <trkpt lat="45.0644841" lon="3.0000001">
        <time>2077-09-27T21:08:13.000Z</time>
      </trkpt>
      <trkpt lat="45.0645100" lon="3.0000001">
        <time>2077-09-27T21:08:14.000Z</time>
      </trkpt>
      <trkpt lat="45.0645375" lon="3.0000001">
        <time>2077-09-27T21:08:15.000Z</time>
      </trkpt>
      <trkpt lat="45.0645625" lon="3.0000001">
        <time>2077-09-27T21:08:16.000Z</time>
      </trkpt>
      <trkpt lat="45.0645877" lon="3.0000001">
        <time>2077-09-27T21:08:17.000Z</time>
      </trkpt>
      <trkpt lat="45.0646140" lon="3.0000001">
        <time>2077-09-27T21:08:18.000Z</time>
      </trkpt>
      <trkpt lat="45.0646395" lon="3.0000001">
        <time>2077-09-27T21:08:19.000Z</time>
      </trkpt>
      <trkpt lat="45.0646651" lon="3.0000001">
        <time>2077-09-27T21:08:20.000Z</time>
      </trkpt>
      <trkpt lat="45.0646916" lon="3.0000001">
        <time>2077-09-27T21:08:21.000Z</time>
      </trkpt>
      <trkpt lat="45.0647168" lon="3.0000001">
        <time>2077-09-27T21:08:22.000Z</time>
      </trkpt>
      <trkpt lat="45.0647437" lon="3.0000001">
        <time>2077-09-27T21:08:23.000Z</time>
      </trkpt>
      <trkpt lat="45.0647715" lon="3.0000001">
        <time>2077-09-27T21:08:24.000Z</time>
      </trkpt>
      <trkpt lat="45.0647976" lon="3.0000001">
        <time>2077-09-27T21:08:25.000Z</time>
      </trkpt>
      <trkpt lat="45.0648226" lon="3.0000001">
        <time>2077-09-27T21:08:26.000Z</time>
      </trkpt>
      <trkpt lat="45.0648478" lon="3.0000001">
        <time>2077-09-27T21:08:27.000Z</time>
      </trkpt>
      <trkpt lat="45.0648740" lon="3.0000001">
        <time>2077-09-27T21:08:28.000Z</time>
      </trkpt>
      <trkpt lat="45.0648981" lon="3.0000001">
        <time>2077-09-27T21:08:29.000Z</time>
      </trkpt>
      <trkpt lat="45.0649248" lon="3.0000001">
        <time>2077-09-27T21:08:30.000Z</time>
      </trkpt>
      <trkpt lat="45.0649491" lon="3.0000001">
        <time>2077-09-27T21:08:31.000Z</time>
      </trkpt>
      <trkpt lat="45.0649747" lon="3.0000001">
        <time>2077-09-27T21:08:32.000Z</time>
      </trkpt>
      <trkpt lat="45.0650023" lon="3.0000001">
        <time>2077-09-27T21:08:33.000Z</time>
      </trkpt>
      <trkpt lat="45.0650300" lon="3.0000001">
        <time>2077-09-27T21:08:34.000Z</time>
      </trkpt>
      <trkpt lat="45.0650550" lon="3.0000001">
        <time>2077-09-27T21:08:35.000Z</time>
      </trkpt>
      <trkpt lat="45.0650798" lon="3.0000001">
        <time>2077-09-27T21:08:36.000Z</time>
      </trkpt>
      <trkpt lat="45.0651063" lon="3.0000001">
        <time>2077-09-27T21:08:37.000Z</time>
      </trkpt>
      <trkpt lat="45.0651332" lon="3.0000001">
        <time>2077-09-27T21:08:38.000Z</time>
      </trkpt>
      <trkpt lat="45.0651593" lon="3.0000001">
        <time>2077-09-27T21:08:39.000Z</time>
      </trkpt>
      <trkpt lat="45.0651852" lon="3.0000001">
        <time>2077-09-27T21:08:40.000Z</time>
      </trkpt>
      <trkpt lat="45.0652129" lon="3.0000001">
        <time>2077-09-27T21:08:41.000Z</time>
      </trkpt>
      <trkpt lat="45.0652379" lon="3.0000001">
        <time>2077-09-27T21:08:42.000Z</time>
      </trkpt>
      <trkpt lat="45.0652649" lon="3.0000001">
        <time>2077-09-27T21:08:43.000Z</time>
      </trkpt>
      <trkpt lat="45.0652929" lon="3.0000001">
        <time>2077-09-27T21:08:44.000Z</time>
      </trkpt>
      <trkpt lat="45.0653176" lon="3.0000001">
        <time>2077-09-27T21:08:45.000Z</time>
      </trkpt>
      <trkpt lat="45.0653438" lon="3.0000001">
        <time>2077-09-27T21:08:46.000Z</time>
      </trkpt>
      <trkpt lat="45.0653699" lon="3.0000001">
        <time>2077-09-27T21:08:47.000Z</time>
      </trkpt>
      <trkpt lat="45.0653961" lon="3.0000001">
        <time>2077-09-27T21:08:48.000Z</time>
      </trkpt>
      <trkpt lat="45.0654231" lon="3.0000001">
        <time>2077-09-27T21:08:49.000Z</time>
      </trkpt>
      <trkpt lat="45.0654497" lon="3.0000001">
        <time>2077-09-27T21:08:50.000Z</time>
      </trkpt>
      <trkpt lat="45.0654770" lon="3.0000001">
        <time>2077-09-27T21:08:51.000Z</time>
      </trkpt>
      <trkpt lat="45.0655034" lon="3.0000001">
        <time>2077-09-27T21:08:52.000Z</time>
      </trkpt>
      <trkpt lat="45.0655285" lon="3.0000001">
        <time>2077-09-27T21:08:53.000Z</time>
      </trkpt>
      <trkpt lat="45.0655562" lon="3.0000001">
        <time>2077-09-27T21:08:54.000Z</time>
      </trkpt>
      <trkpt lat="45.0655825" lon="3.0000001">
        <time>2077-09-27T21:08:55.000Z</time>
      </trkpt>
      <trkpt lat="45.0656087" lon="3.0000001">
        <time>2077-09-27T21:08:56.000Z</time>
      </trkpt>
      <trkpt lat="45.0656337" lon="3.0000001">
        <time>2077-09-27T21:08:57.000Z</time>
      </trkpt>
      <trkpt lat="45.0656582" lon="3.0000001">
        <time>2077-09-27T21:08:58.000Z</time>
      </trkpt>
      <trkpt lat="45.0656836" lon="3.0000001">
        <time>2077-09-27T21:08:59.000Z</time>
      </trkpt>
      <trkpt lat="45.0657086" lon="3.0000001">
        <time>2077-09-27T21:09:00.000Z</time>
      </trkpt>
      <trkpt lat="45.0657342" lon="3.0000001">
        <time>2077-09-27T21:09:01.000Z</time>
      </trkpt>
      <trkpt lat="45.0657591" lon="3.0000001">
        <time>2077-09-27T21:09:02.000Z</time>
      </trkpt>
      <trkpt lat="45.0657854" lon="3.0000001">
        <time>2077-09-27T21:09:03.000Z</time>
      </trkpt>
      <trkpt lat="45.0658101" lon="3.0000001">
        <time>2077-09-27T21:09:04.000Z</time>
      </trkpt>
      <trkpt lat="45.0658373" lon="3.0000001">
        <time>2077-09-27T21:09:05.000Z</time>
      </trkpt>
      <trkpt lat="45.0658652" lon="3.0000001">
        <time>2077-09-27T21:09:06.000Z</time>
      </trkpt>
      <trkpt lat="45.0658901" lon="3.0000001">
        <time>2077-09-27T21:09:07.000Z</time>
      </trkpt>
      <trkpt lat="45.0659168" lon="3.0000001">
        <time>2077-09-27T21:09:08.000Z</time>
      </trkpt>
      <trkpt lat="45.0659417" lon="3.0000001">
        <time>2077-09-27T21:09:09.000Z</time>
      </trkpt>
      <trkpt lat="45.0659695" lon="3.0000001">
        <time>2077-09-27T21:09:10.000Z</time>
      </trkpt>
      <trkpt lat="45.0659959" lon="3.0000001">
        <time>2077-09-27T21:09:11.000Z</time>
      </trkpt>
      <trkpt lat="45.0660214" lon="3.0000001">
        <time>2077-09-27T21:09:12.000Z</time>
      </trkpt>
      <trkpt lat="45.0660469" lon="3.0000001">
        <time>2077-09-27T21:09:13.000Z</time>
      </trkpt>
      <trkpt lat="45.0660719" lon="3.0000001">
        <time>2077-09-27T21:09:14.000Z</time>
      </trkpt>
      <trkpt lat="45.0660972" lon="3.0000001">
        <time>2077-09-27T21:09:15.000Z</time>
      </trkpt>
      <trkpt lat="45.0661254" lon="3.0000001">
        <time>2077-09-27T21:09:16.000Z</time>
      </trkpt>
      <trkpt lat="45.0661525" lon="3.0000001">
        <time>2077-09-27T21:09:17.000Z</time>
      </trkpt>
      <trkpt lat="45.0661790" lon="3.0000001">
        <time>2077-09-27T21:09:18.000Z</time>
      </trkpt>
      <trkpt lat="45.0662060" lon="3.0000001">
        <time>2077-09-27T21:09:19.000Z</time>
      </trkpt>
      <trkpt lat="45.0662331" lon="3.0000001">
        <time>2077-09-27T21:09:20.000Z</time>
      </trkpt>
      <trkpt lat="45.0662575" lon="3.0000001">
        <time>2077-09-27T21:09:21.000Z</time>
      </trkpt>
      <trkpt lat="45.0662829" lon="3.0000001">
        <time>2077-09-27T21:09:22.000Z</time>
      </trkpt>
      <trkpt lat="45.0663083" lon="3.0000001">
        <time>2077-09-27T21:09:23.000Z</time>
      </trkpt>
      <trkpt lat="45.0663327" lon="3.0000001">
        <time>2077-09-27T21:09:24.000Z</time>
      </trkpt>
      <trkpt lat="45.0663567" lon="3.0000001">
        <time>2077-09-27T21:09:25.000Z</time>
      </trkpt>
      <trkpt lat="45.0663833" lon="3.0000001">
        <time>2077-09-27T21:09:26.000Z</time>
      </trkpt>
      <trkpt lat="45.0664079" lon="3.0000001">
        <time>2077-09-27T21:09:27.000Z</time>
      </trkpt>
      <trkpt lat="45.0664324" lon="3.0000001">
        <time>2077-09-27T21:09:28.000Z</time>
      </trkpt>
      <trkpt lat="45.0664575" lon="3.0000001">
        <time>2077-09-27T21:09:29.000Z</time>
      </trkpt>
      <trkpt lat="45.0664857" lon="3.0000001">
        <time>2077-09-27T21:09:30.000Z</time>
      </trkpt>
      <trkpt lat="45.0665100" lon="3.0000001">
        <time>2077-09-27T21:09:31.000Z</time>
      </trkpt>
      <trkpt lat="45.0665343" lon="3.0000001">
        <time>2077-09-27T21:09:32.000Z</time>
      </trkpt>
      <trkpt lat="45.0665621" lon="3.0000001">
        <time>2077-09-27T21:09:33.000Z</time>
      </trkpt>
      <trkpt lat="45.0665890" lon="3.0000001">
        <time>2077-09-27T21:09:34.000Z</time>
      </trkpt>
      <trkpt lat="45.0666146" lon="3.0000001">
        <time>2077-09-27T21:09:35.000Z</time>
      </trkpt>
      <trkpt lat="45.0666414" lon="3.0000001">
        <time>2077-09-27T21:09:36.000Z</time>
      </trkpt>
      <trkpt lat="45.0666669" lon="3.0000001">
        <time>2077-09-27T21:09:37.000Z</time>
      </trkpt>
      <trkpt lat="45.0666911" lon="3.0000001">
        <time>2077-09-27T21:09:38.000Z</time>
      </trkpt>
      <trkpt lat="45.0667164" lon="3.0000001">
        <time>2077-09-27T21:09:39.000Z</time>
      </trkpt>
      <trkpt lat="45.0667433" lon="3.0000001">
        <time>2077-09-27T21:09:40.000Z</time>
      </trkpt>
      <trkpt lat="45.0667714" lon="3.0000001">
        <time>2077-09-27T21:09:41.000Z</time>
      </trkpt>
      <trkpt lat="45.0667995" lon="3.0000001">
        <time>2077-09-27T21:09:42.000Z</time>
      </trkpt>
      <trkpt lat="45.0668234" lon="3.0000001">
        <time>2077-09-27T21:09:43.000Z</time>
      </trkpt>
      <trkpt lat="45.0668499" lon="3.0000001">
        <time>2077-09-27T21:09:44.000Z</time>
      </trkpt>
      <trkpt lat="45.0668748" lon="3.0000001">
        <time>2077-09-27T21:09:45.000Z</time>
      </trkpt>
      <trkpt lat="45.0668988" lon="3.0000002">
        <time>2077-09-27T21:09:46.000Z</time>
      </trkpt>
      <trkpt lat="45.0669254" lon="3.0000001">
        <time>2077-09-27T21:09:47.000Z</time>
      </trkpt>
      <trkpt lat="45.0669503" lon="3.0000001">
        <time>2077-09-27T21:09:48.000Z</time>
      </trkpt>
      <trkpt lat="45.0669777" lon="3.0000001">
        <time>2077-09-27T21:09:49.000Z</time>
      </trkpt>
      <trkpt lat="45.0670039" lon="3.0000001">
        <time>2077-09-27T21:09:50.000Z</time>
      </trkpt>
      <trkpt lat="45.0670312" lon="3.0000001">
        <time>2077-09-27T21:09:51.000Z</time>
      </trkpt>
      <trkpt lat="45.0670575" lon="3.0000001">
        <time>2077-09-27T21:09:52.000Z</time>
      </trkpt>
      <trkpt lat="45.0670819" lon="3.0000001">
        <time>2077-09-27T21:09:53.000Z</time>
      </trkpt>
      <trkpt lat="45.0671091" lon="3.0000001">
        <time>2077-09-27T21:09:54.000Z</time>
      </trkpt>
      <trkpt lat="45.0671361" lon="3.0000001">
        <time>2077-09-27T21:09:55.000Z</time>
      </trkpt>
      <trkpt lat="45.0671607" lon="3.0000001">
        <time>2077-09-27T21:09:56.000Z</time>
      </trkpt>
      <trkpt lat="45.0671876" lon="3.0000001">
        <time>2077-09-27T21:09:57.000Z</time>
      </trkpt>
      <trkpt lat="45.0672139" lon="3.0000001">
        <time>2077-09-27T21:09:58.000Z</time>
      </trkpt>
      <trkpt lat="45.0672416" lon="3.0000001">
        <time>2077-09-27T21:09:59.000Z</time>
      </trkpt>
      <trkpt lat="45.0672672" lon="3.0000001">
        <time>2077-09-27T21:10:00.000Z</time>
      </trkpt>
      <trkpt lat="45.0672945" lon="3.0000001">
        <time>2077-09-27T21:10:01.000Z</time>
      </trkpt>
      <trkpt lat="45.0673206" lon="3.0000001">
        <time>2077-09-27T21:10:02.000Z</time>
      </trkpt>
      <trkpt lat="45.0673454" lon="3.0000001">
        <time>2077-09-27T21:10:03.000Z</time>
      </trkpt>
      <trkpt lat="45.0673695" lon="3.0000001">
        <time>2077-09-27T21:10:04.000Z</time>
      </trkpt>
      <trkpt lat="45.0673952" lon="3.0000001">
        <time>2077-09-27T21:10:05.000Z</time>
      </trkpt>
      <trkpt lat="45.0674199" lon="3.0000001">
        <time>2077-09-27T21:10:06.000Z</time>
      </trkpt>
      <trkpt lat="45.0674443" lon="3.0000001">
        <time>2077-09-27T21:10:07.000Z</time>
      </trkpt>
      <trkpt lat="45.0674704" lon="3.0000001">
        <time>2077-09-27T21:10:08.000Z</time>
      </trkpt>
      <trkpt lat="45.0674947" lon="3.0000001">
        <time>2077-09-27T21:10:09.000Z</time>
      </trkpt>
      <trkpt lat="45.0675192" lon="3.0000001">
        <time>2077-09-27T21:10:10.000Z</time>
      </trkpt>
      <trkpt lat="45.0675454" lon="3.0000001">
        <time>2077-09-27T21:10:11.000Z</time>
      </trkpt>
      <trkpt lat="45.0675699" lon="3.0000001">
        <time>2077-09-27T21:10:12.000Z</time>
      </trkpt>
      <trkpt lat="45.0675968" lon="3.0000001">
        <time>2077-09-27T21:10:13.000Z</time>
      </trkpt>
      <trkpt lat="45.0676250" lon="3.0000001">
        <time>2077-09-27T21:10:14.000Z</time>
      </trkpt>
      <trkpt lat="45.0676513" lon="3.0000001">
        <time>2077-09-27T21:10:15.000Z</time>
      </trkpt>
      <trkpt lat="45.0676771" lon="3.0000001">
        <time>2077-09-27T21:10:16.000Z</time>
      </trkpt>
      <trkpt lat="45.0677011" lon="3.0000001">
        <time>2077-09-27T21:10:17.000Z</time>
      </trkpt>
      <trkpt lat="45.0677290" lon="3.0000001">
        <time>2077-09-27T21:10:18.000Z</time>
      </trkpt>
      <trkpt lat="45.0677557" lon="3.0000001">
        <time>2077-09-27T21:10:19.000Z</time>
      </trkpt>
      <trkpt lat="45.0677819" lon="3.0000001">
        <time>2077-09-27T21:10:20.000Z</time>
      </trkpt>
      <trkpt lat="45.0678093" lon="3.0000001">
        <time>2077-09-27T21:10:21.000Z</time>
      </trkpt>
      <trkpt lat="45.0678355" lon="3.0000001">
        <time>2077-09-27T21:10:22.000Z</time>
      </trkpt>
      <trkpt lat="45.0678620" lon="3.0000001">
        <time>2077-09-27T21:10:23.000Z</time>
      </trkpt>
      <trkpt lat="45.0678887" lon="3.0000001">
        <time>2077-09-27T21:10:24.000Z</time>
      </trkpt>
      <trkpt lat="45.0679162" lon="3.0000001">
        <time>2077-09-27T21:10:25.000Z</time>
      </trkpt>
      <trkpt lat="45.0679443" lon="3.0000001">
        <time>2077-09-27T21:10:26.000Z</time>
      </trkpt>
      <trkpt lat="45.0679717" lon="3.0000001">
        <time>2077-09-27T21:10:27.000Z</time>
      </trkpt>
      <trkpt lat="45.0679995" lon="3.0000001">
        <time>2077-09-27T21:10:28.000Z</time>
      </trkpt>
      <trkpt lat="45.0680245" lon="3.0000001">
        <time>2077-09-27T21:10:29.000Z</time>
      </trkpt>
      <trkpt lat="45.0680503" lon="3.0000001">
        <time>2077-09-27T21:10:30.000Z</time>
      </trkpt>
      <trkpt lat="45.0680772" lon="3.0000001">
        <time>2077-09-27T21:10:31.000Z</time>
      </trkpt>
      <trkpt lat="45.0681048" lon="3.0000001">
        <time>2077-09-27T21:10:32.000Z</time>
      </trkpt>
      <trkpt lat="45.0681318" lon="3.0000001">
        <time>2077-09-27T21:10:33.000Z</time>
      </trkpt>
      <trkpt lat="45.0681594" lon="3.0000001">
        <time>2077-09-27T21:10:34.000Z</time>
      </trkpt>
      <trkpt lat="45.0681834" lon="3.0000001">
        <time>2077-09-27T21:10:35.000Z</time>
      </trkpt>
      <trkpt lat="45.0682076" lon="3.0000001">
        <time>2077-09-27T21:10:36.000Z</time>
      </trkpt>
      <trkpt lat="45.0682354" lon="3.0000001">
        <time>2077-09-27T21:10:37.000Z</time>
      </trkpt>
      <trkpt lat="45.0682594" lon="3.0000001">
        <time>2077-09-27T21:10:38.000Z</time>
      </trkpt>
      <trkpt lat="45.0682835" lon="3.0000001">
        <time>2077-09-27T21:10:39.000Z</time>
      </trkpt>
      <trkpt lat="45.0683088" lon="3.0000001">
        <time>2077-09-27T21:10:40.000Z</time>
      </trkpt>
      <trkpt lat="45.0683369" lon="3.0000001">
        <time>2077-09-27T21:10:41.000Z</time>
      </trkpt>
      <trkpt lat="45.0683628" lon="3.0000001">
        <time>2077-09-27T21:10:42.000Z</time>
      </trkpt>
      <trkpt lat="45.0683911" lon="3.0000001">
        <time>2077-09-27T21:10:43.000Z</time>
      </trkpt>
      <trkpt lat="45.0684158" lon="3.0000001">
        <time>2077-09-27T21:10:44.000Z</time>
      </trkpt>
      <trkpt lat="45.0684416" lon="3.0000001">
        <time>2077-09-27T21:10:45.000Z</time>
      </trkpt>
      <trkpt lat="45.0684664" lon="3.0000001">
        <time>2077-09-27T21:10:46.000Z</time>
      </trkpt>
      <trkpt lat="45.0684935" lon="3.0000001">
        <time>2077-09-27T21:10:47.000Z</time>
      </trkpt>
      <trkpt lat="45.0685215" lon="3.0000001">
        <time>2077-09-27T21:10:48.000Z</time>
      </trkpt>
      <trkpt lat="45.0685494" lon="3.0000001">
        <time>2077-09-27T21:10:49.000Z</time>
      </trkpt>
      <trkpt lat="45.0685741" lon="3.0000001">
        <time>2077-09-27T21:10:50.000Z</time>
      </trkpt>
      <trkpt lat="45.0686024" lon="3.0000001">
        <time>2077-09-27T21:10:51.000Z</time>
      </trkpt>
      <trkpt lat="45.0686302" lon="3.0000001">
        <time>2077-09-27T21:10:52.000Z</time>
      </trkpt>
      <trkpt lat="45.0686561" lon="3.0000001">
        <time>2077-09-27T21:10:53.000Z</time>
      </trkpt>
      <trkpt lat="45.0686808" lon="3.0000001">
        <time>2077-09-27T21:10:54.000Z</time>
      </trkpt>
      <trkpt lat="45.0687054" lon="3.0000001">
        <time>2077-09-27T21:10:55.000Z</time>
      </trkpt>
      <trkpt lat="45.0687336" lon="3.0000001">
        <time>2077-09-27T21:10:56.000Z</time>
      </trkpt>
      <trkpt lat="45.0687603" lon="3.0000001">
        <time>2077-09-27T21:10:57.000Z</time>
      </trkpt>
      <trkpt lat="45.0687879" lon="3.0000001">
        <time>2077-09-27T21:10:58.000Z</time>
      </trkpt>
      <trkpt lat="45.0688149" lon="3.0000001">
        <time>2077-09-27T21:10:59.000Z</time>
      </trkpt>
      <trkpt lat="45.0688412" lon="3.0000001">
        <time>2077-09-27T21:11:00.000Z</time>
      </trkpt>
      <trkpt lat="45.0688668" lon="3.0000001">
        <time>2077-09-27T21:11:01.000Z</time>
      </trkpt>
      <trkpt lat="45.0688948" lon="3.0000001">
        <time>2077-09-27T21:11:02.000Z</time>
      </trkpt>
      <trkpt lat="45.0689229" lon="3.0000001">
        <time>2077-09-27T21:11:03.000Z</time>
      </trkpt>
      <trkpt lat="45.0689488" lon="3.0000001">
        <time>2077-09-27T21:11:04.000Z</time>
      </trkpt>
      <trkpt lat="45.0689762" lon="3.0000001">
        <time>2077-09-27T21:11:05.000Z</time>
      </trkpt>
      <trkpt lat="45.0690031" lon="3.0000001">
        <time>2077-09-27T21:11:06.000Z</time>
      </trkpt>
      <trkpt lat="45.0690282" lon="3.0000001">
        <time>2077-09-27T21:11:07.000Z</time>
      </trkpt>
      <trkpt lat="45.0690544" lon="3.0000001">
        <time>2077-09-27T21:11:08.000Z</time>
      </trkpt>
      <trkpt lat="45.0690789" lon="3.0000001">
        <time>2077-09-27T21:11:09.000Z</time>
      </trkpt>
      <trkpt lat="45.0691041" lon="3.0000001">
        <time>2077-09-27T21:11:10.000Z</time>
      </trkpt>
      <trkpt lat="45.0691300" lon="3.0000001">
        <time>2077-09-27T21:11:11.000Z</time>
      </trkpt>
      <trkpt lat="45.0691541" lon="3.0000001">
        <time>2077-09-27T21:11:12.000Z</time>
      </trkpt>
      <trkpt lat="45.0691789" lon="3.0000001">
        <time>2077-09-27T21:11:13.000Z</time>
      </trkpt>
      <trkpt lat="45.0692042" lon="3.0000001">
        <time>2077-09-27T21:11:14.000Z</time>
      </trkpt>
      <trkpt lat="45.0692282" lon="3.0000001">
        <time>2077-09-27T21:11:15.000Z</time>
      </trkpt>
      <trkpt lat="45.0692548" lon="3.0000001">
        <time>2077-09-27T21:11:16.000Z</time>
      </trkpt>
      <trkpt lat="45.0692823" lon="3.0000001">
        <time>2077-09-27T21:11:17.000Z</time>
      </trkpt>
      <trkpt lat="45.0693065" lon="3.0000001">
        <time>2077-09-27T21:11:18.000Z</time>
      </trkpt>
      <trkpt lat="45.0693315" lon="3.0000001">
        <time>2077-09-27T21:11:19.000Z</time>
      </trkpt>
      <trkpt lat="45.0693566" lon="3.0000001">
        <time>2077-09-27T21:11:20.000Z</time>
      </trkpt>
      <trkpt lat="45.0693849" lon="3.0000001">
        <time>2077-09-27T21:11:21.000Z</time>
      </trkpt>
      <trkpt lat="45.0694110" lon="3.0000001">
        <time>2077-09-27T21:11:22.000Z</time>
      </trkpt>
      <trkpt lat="45.0694377" lon="3.0000001">
        <time>2077-09-27T21:11:23.000Z</time>
      </trkpt>
      <trkpt lat="45.0694625" lon="3.0000001">
        <time>2077-09-27T21:11:24.000Z</time>
      </trkpt>
      <trkpt lat="45.0694880" lon="3.0000001">
        <time>2077-09-27T21:11:25.000Z</time>
      </trkpt>
      <trkpt lat="45.0695133" lon="3.0000001">
        <time>2077-09-27T21:11:26.000Z</time>
      </trkpt>
      <trkpt lat="45.0695374" lon="3.0000001">
        <time>2077-09-27T21:11:27.000Z</time>
      </trkpt>
      <trkpt lat="45.0695628" lon="3.0000001">
        <time>2077-09-27T21:11:28.000Z</time>
      </trkpt>
      <trkpt lat="45.0695907" lon="3.0000001">
        <time>2077-09-27T21:11:29.000Z</time>
      </trkpt>
      <trkpt lat="45.0696150" lon="3.0000001">
        <time>2077-09-27T21:11:30.000Z</time>
      </trkpt>
      <trkpt lat="45.0696419" lon="3.0000001">
        <time>2077-09-27T21:11:31.000Z</time>
      </trkpt>
      <trkpt lat="45.0696665" lon="3.0000001">
        <time>2077-09-27T21:11:32.000Z</time>
      </trkpt>
      <trkpt lat="45.0696943" lon="3.0000001">
        <time>2077-09-27T21:11:33.000Z</time>
      </trkpt>
      <trkpt lat="45.0697214" lon="3.0000001">
        <time>2077-09-27T21:11:34.000Z</time>
      </trkpt>
      <trkpt lat="45.0697479" lon="3.0000001">
        <time>2077-09-27T21:11:35.000Z</time>
      </trkpt>
      <trkpt lat="45.0697756" lon="3.0000001">
        <time>2077-09-27T21:11:36.000Z</time>
      </trkpt>
      <trkpt lat="45.0698003" lon="3.0000001">
        <time>2077-09-27T21:11:37.000Z</time>
      </trkpt>
      <trkpt lat="45.0698270" lon="3.0000001">
        <time>2077-09-27T21:11:38.000Z</time>
      </trkpt>
      <trkpt lat="45.0698523" lon="3.0000001">
        <time>2077-09-27T21:11:39.000Z</time>
      </trkpt>
      <trkpt lat="45.0698790" lon="3.0000001">
        <time>2077-09-27T21:11:40.000Z</time>
      </trkpt>
      <trkpt lat="45.0699068" lon="3.0000001">
        <time>2077-09-27T21:11:41.000Z</time>
      </trkpt>
      <trkpt lat="45.0699335" lon="3.0000001">
        <time>2077-09-27T21:11:42.000Z</time>
      </trkpt>
      <trkpt lat="45.0699598" lon="3.0000001">
        <time>2077-09-27T21:11:43.000Z</time>
      </trkpt>
    </trkseg>
  </trk>
</gpx>
